FAKE_ACCTCODE,OPT_IN_DATE,FUEL_ONLY_PARENT_ACCT,CLI_AMOUNT,FLEETCOR_OPEN_DATE,CITY,STATE,ZIP,TERM_DAYS,DUE_DAYS,LOCK_DAYS,CREDIT_LIMIT,LOCK_CODE,LOCK_REASON,LOCK_TYPE,DEPOSIT_FLAG,PORTFOLIO,LOB_REPORTING,YEARMONTH,GALLONS,FUEL_SPEND,NONFUEL_SPEND,TOT_SPEND,PAYMENT_AMOUNT,NO_OF_PAYMENT,SNAPSHOT_DATE,CURRENT_BALANCE,UNBILLED_BALANCE,DAYS_PAST_DUE,BAL_1_30,BAL_31_60,BAL_61_90,BAL_90_PLUS
111677,3/15/2022,0,29500.00,7/22/2020,NEWARK,OH,43055,7,7,5,20000,N,NSF,TEMP LOCK,1,FMMC,NAL MC,202210,1115.923,4593.49,13211.61,17805.1,17497.9,4,44835,0,0,0,0,0,0,0
111762,11/29/2021,0,53000.00,7/30/2020,ORANGE,CA,92865,15,14,10,4200,S,S-LOCK,TEMP LOCK,1,ARMC,NAP,202210,800.265,4507.04,7.98,4515.02,3107.26,1,44835,0,1417.87,0,0,0,0,0
112359,2/5/2022,0,4000.00,9/23/2020,JACKSON,TN,38301,15,13,3,200,Z,UNLOCKED,UNLOCKED,0,FMMC,NAL MC,202210,0,0,4286.71,4286.71,1573.09,1,44835,0,0,0,0,0,0,0
112756,12/10/2021,0,4000.00,10/29/2020,TICKFAW,LA,70466,7,5,7,4000,A,Other,PERM LOCK,0,BPMC,NAP,202210,483.582,2377.44,4.94,2382.38,918.4,3,44835,0,0,0,0,0,0,0
113153,4/13/2022,0,51500.00,11/21/2020,TAMPA,FL,33612,30,14,18,51500,Z,UNLOCKED,UNLOCKED,1,BPMC,NAP,202210,282,1026.19,20357.55,21383.74,18623.45,1,44835,0,17867.1,0,0,0,0,0
117610,7/18/2022,0,3500.00,4/23/2021,LOGANVILLE,GA,30052,30,14,5,1200,Z,UNLOCKED,UNLOCKED,1,BPMC,NAP,202210,67.668,229.26,329.4,558.66,1377.7,3,44835,-105.03,671.03,0,0,0,0,0
118115,4/20/2023,0,1680.00,5/7/2021,CINCINNATI,OH,45240,30,14,18,1350,Z,UNLOCKED,UNLOCKED,1,BPMC,NAP,202210,42.518,172.31,0,172.31,559.97,3,44835,0,0,0,0,0,0,0
118349,8/24/2022,0,4000.00,5/12/2021,CINCINNATI,OH,45224,30,14,10,4000,Z,UNLOCKED,UNLOCKED,1,BPMC,NAP,202210,0,0,81.57,81.57,12,1,44835,0,0,0,0,0,0,0
122253,7/12/2022,0,4000.00,7/27/2021,PEMBROKE PINES,FL,33027,30,15,10,4000,Z,UNLOCKED,UNLOCKED,0,FMMC,NAL MC,202211,9.53,31.74,666.04,697.78,60,2,44835,0,857.51,0,0,0,0,0
122360,11/9/2022,0,4000.00,7/28/2021,DURHAM,NC,27705,30,14,7,500,Z,UNLOCKED,UNLOCKED,1,BPMC,NAP,202210,81.89,300.21,0,300.21,713.86,1,44835,0,55.11,0,0,0,0,0
122554,8/4/2022,0,3500.00,7/30/2021,COLUMBIA,SC,29223,30,14,18,200,I,BAD AGENCY,PERM LOCK,1,BPMC,NAP,202210,38.69,160.02,0,160.02,322.49,1,44835,0,55.11,0,0,0,0,0
122683,9/16/2022,0,5500.00,7/31/2021,BALTIMORE,MD,21212,7,7,5,1000,I,BAD AGENCY,PERM LOCK,1,BPMC,NAP,202210,51.16,193.8,1175.78,1369.58,860.55,4,44835,0,55.11,0,0,0,0,0
122848,10/20/2022,0,4500.00,8/4/2021,RALEIGH,NC,27606,30,14,7,2100,I,BAD AGENCY,PERM LOCK,1,BPMC,NAP,202210,0,0,2808,2808,3227.68,3,44835,0,55.11,0,0,0,0,0
126827,10/5/2022,0,3000.00,10/2/2021,CHESAPEAKE,VA,23321,30,14,5,1500,Q,INACTIVE,PERM LOCK,1,BPMC,NAP,202210,0,0,2805.99,2805.99,1129.63,4,44835,0,0,0,0,0,0,0
131242,12/21/2022,0,10000.00,12/8/2021,CLEARWATER,FL,33764,30,15,18,1500,Z,UNLOCKED,UNLOCKED,1,FMMC,NAL MC,202210,137.171,457.13,2069.18,2526.31,1754.95,1,44835,0,0,0,0,0,0,0
136207,3/5/2023,0,7500.00,2/23/2022,GOSHEN,NY,10924,15,14,7,3500,Z,UNLOCKED,UNLOCKED,1,BPMC,NAP,202210,69.376,264.64,0,264.64,274.64,3,44835,0,0,0,0,0,0,0
142896,12/7/2022,0,3000.00,5/27/2022,KINGWOOD,TX,77339,30,14,5,500,A,Other,PERM LOCK,1,BPMC,NAP,202210,71.62,220.76,0,220.76,575,1,45231,0,0,0,0,0,0,0
144673,1/24/2023,0,3000.00,6/23/2022,MOREHEAD CITY,NC,28557,30,14,10,3000,B,Fraud / Suspicious Activity,PERM LOCK,1,SWMC,NAP,202210,151.33,522.55,0,522.55,529.16,1,44835,0,0,0,0,0,0,0
150968,12/27/2022,0,3000.00,7/19/2022,CHARLOTTE,NC,28215,15,13,3,3000,S,S-LOCK,TEMP LOCK,1,FMMC,NAL MC,202210,342.975,1196.19,0,1196.19,2017.76,3,44835,9545.96,920.23,0,0,0,0,0
152161,2/17/2023,0,10000.00,8/16/2022,PROSPERITY,SC,29127,15,14,10,10000,B,Fraud / Suspicious Activity,PERM LOCK,1,BPMC,NAP,202210,141.653,530.87,0,530.87,1731.81,2,44986,9545.96,920.23,0,0,0,0,0
154291,9/1/2022,0,3000.00,8/26/2022,DUSON,LA,70529,7,7,3,2750,I,BAD AGENCY,PERM LOCK,1,FMMC,NAL MC,202210,767.018,3407.44,779.61,4187.05,4200.92,4,44835,9545.96,920.23,0,0,0,0,0
112822,12/30/2021,0,13000.00,11/3/2020,LOGANVILLE,GA,30052,7,7,3,1900,Z,UNLOCKED,UNLOCKED,1,FMMC,NAL MC,202210,1503.978,5887.38,30,5917.38,6915.19,5,45231,0,0,0,0,0,0,0
112981,7/3/2022,0,3500.00,11/13/2020,CALUMET CITY,IL,60409,30,16,18,1700,Z,UNLOCKED,UNLOCKED,0,ARMC,NAP,202210,0,0,1072.84,1072.84,59.44,1,44835,543.73,0,0,0,0,0,0
113005,5/2/2022,0,18500.00,11/13/2020,FORT WORTH,TX,76179,7,7,3,22200,I,BAD AGENCY,PERM LOCK,0,FMMC,NAL MC,202210,5415.844,25489.42,15880.61,41370.03,39492.97,6,44835,0,0,162,0,0,0,22886.36
114924,9/12/2022,0,9000.00,2/10/2021,TOLEDO,OH,43620,30,14,7,9000,I,BAD AGENCY,PERM LOCK,1,BPMC,NAP,202210,57.486,217.87,8005.55,8223.42,400,1,44835,0,0,0,0,0,0,0
117050,7/24/2022,0,4500.00,4/8/2021,BALTIMORE,MD,21209,7,5,3,4500,I,BAD AGENCY,PERM LOCK,1,BPMC,NAP,202210,62.49,261.33,0,261.33,126.74,3,44835,0,0,0,0,0,0,0
117219,5/30/2022,0,4000.00,4/13/2021,BOWIE,MD,20716,30,14,10,5600,Z,UNLOCKED,UNLOCKED,0,BPMC,NAP,202301,40.08,135.72,0,135.72,8,1,44986,0,0,0,0,0,0,0
117499,2/21/2023,0,7500.00,4/21/2021,HALTOM CITY,TX,76117,30,15,5,3100,Z,UNLOCKED,UNLOCKED,1,FMMC,NAL MC,202210,313.303,1507.04,0,1507.04,1769.88,1,44835,2134.31,1974.2,0,0,0,0,0
118327,10/1/2022,0,5000.00,5/12/2021,VICKSBURG,MS,39180,7,7,3,500,Z,UNLOCKED,UNLOCKED,1,FMMC,NAL MC,202210,1148.002,5617.64,2722.8,8340.44,8699.83,4,44835,0,0,0,0,0,0,0
122430,1/30/2023,0,16500.00,7/29/2021,NORTH PORT,FL,34288,30,15,5,5000,Z,UNLOCKED,UNLOCKED,1,FMMC,NAL MC,202210,655.548,2266.47,0,2266.47,4822.95,1,44835,0,55.11,0,0,0,0,0
126797,10/5/2022,0,16000.00,10/2/2021,HIGHLAND SPRINGS,VA,23075,30,14,7,16000,I,BAD AGENCY,PERM LOCK,1,BPMC,NAP,202210,77.24,271.05,1732.71,2003.76,354.06,2,44835,624.17,66.74,0,0,0,0,0
135108,4/23/2023,0,1200.00,2/9/2022,RENO,NV,89501,30,14,7,1200,Z,UNLOCKED,UNLOCKED,1,BPMC,NAP,202210,92.228,344.91,0,344.91,405.65,2,44835,0,191.41,0,0,0,0,0
135844,9/14/2023,0,1200.00,2/18/2022,BATON ROUGE,LA,70816,30,14,10,600,Z,UNLOCKED,UNLOCKED,1,BPMC,NAP,202210,87.91,281.39,0,281.39,320.64,1,44835,245.14,158.69,0,0,0,0,0
136604,2/15/2023,0,3000.00,3/2/2022,DECATUR,GA,30034,7,7,3,1350,I,BAD AGENCY,PERM LOCK,1,FMMC,NAL MC,202210,267.685,1208.66,0,1208.66,1228.34,2,44835,0,0,0,0,0,0,0
138539,2/15/2023,0,4000.00,3/25/2022,TRENTON,NJ,08629,30,14,10,3000,Z,UNLOCKED,UNLOCKED,0,BPMC,NAP,202210,40.76,179.43,0,179.43,111.87,2,44835,0,0,0,0,0,0,0
139719,11/21/2022,0,3500.00,4/7/2022,CORAL SPRINGS,FL,33071,7,7,18,2500,Z,UNLOCKED,UNLOCKED,1,BPMC,NAP,202210,78.233,270,0,270,445,1,44835,0,0,0,0,0,0,0
139757,11/9/2022,0,7500.00,4/8/2022,PHILADELPHIA,PA,19149,30,14,10,5000,Z,UNLOCKED,UNLOCKED,1,BPMC,NAP,202210,100.66,394.79,0,394.79,476.91,1,45170,2113.65,6972.48,0,0,0,0,0
140842,6/8/2023,0,15000.00,4/24/2022,HAZLEHURST,GA,31539,7,7,10,10000,Z,UNLOCKED,UNLOCKED,0,SWMC,NAP,202210,3586.017,17069.26,0,17069.26,19331.57,5,44835,0,0,0,0,0,0,0
143225,3/31/2023,0,4000.00,6/3/2022,LEBANON,CT,06249,7,7,10,4000,Z,UNLOCKED,UNLOCKED,0,FMMC,NAL MC,202210,721.136,2514.51,0,2514.51,3132.34,4,44835,377.82,129.6,0,0,0,0,0
143266,12/2/2022,0,3000.00,6/6/2022,CULVER CITY,CA,90230,30,14,3,400,Z,UNLOCKED,UNLOCKED,1,ARMC,NAP,202210,185.73,1060.47,0,1060.47,720.91,5,44835,377.82,129.6,0,0,0,0,0
176860,9/18/2021,FUEL-ONLY PARENT ACCT,0.00,12/12/2017,HIGHLAND,IN,46322,14,10,16,1500,M,OTHER,PERM LOCK,1,Fuelman,Fuelman,202210,25.722,105.58,0,105.58,138.35,2,45231,5538.65,1925.93,0,0,0,0,0
112491,2/11/2022,0,5500.00,10/2/2020,PHILADELPHIA,PA,19154,30,14,5,2220,Z,UNLOCKED,UNLOCKED,1,BPMC,NAP,202210,204,1134.73,0,1134.73,1341.75,1,44835,0,0,0,0,0,0,0
113039,4/2/2022,0,10000.00,11/17/2020,AUGUSTA,GA,30907,30,15,10,10000,G,OVERDUE,PERM LOCK,1,FMMC,NAL MC,202210,57.971,197.34,0,197.34,529.27,1,45231,0,0,0,0,0,0,0
113142,1/6/2022,0,4000.00,11/21/2020,JONESVILLE,LA,71343,30,15,5,1200,Z,UNLOCKED,UNLOCKED,1,FMMC,NAL MC,202210,113.69,362.48,10.91,373.39,536.18,1,44835,344.87,0,0,0,0,0,0
113457,1/18/2022,0,9000.00,12/12/2020,BAYTOWN,TX,77521,7,7,3,1400,A,Other,PERM LOCK,0,FMMC,NAL MC,202210,327.63,1400,1078.71,2478.71,3006.39,4,44835,0,0,0,0,0,0,0
114514,4/16/2022,0,5500.00,1/28/2021,KNIGHTSTOWN,IN,46148,30,14,10,5500,I,BAD AGENCY,PERM LOCK,1,SWMC,NAP,202210,419.636,1694.71,328.14,2022.85,5894.9,2,44835,0,359.88,0,0,0,0,0
114909,4/14/2022,0,26500.00,2/10/2021,LOUISVILLE,OH,44641,30,14,10,26500,I,BAD AGENCY,PERM LOCK,1,SWMC,NAP,202210,1048.061,5094.24,18288.67,23382.91,12369.01,1,44835,0,0,0,0,0,0,0
115445,4/13/2022,0,5500.00,2/26/2021,SOUTH DENNIS,MA,02660,7,7,3,1000,Z,UNLOCKED,UNLOCKED,1,SWMC,NAP,202210,0,0,40.5,40.5,349,1,44835,44,0,0,0,0,0,34
115799,5/2/2022,0,4000.00,3/9/2021,HEPHZIBAH,GA,30815,30,15,3,250,G,OVERDUE,PERM LOCK,1,FMMC,NAL MC,202210,0,0,19.99,19.99,32.99,1,44835,0,0,0,0,0,0,0
116287,5/27/2022,0,3500.00,3/19/2021,DAYTON,OH,45449,30,14,5,3500,Z,UNLOCKED,UNLOCKED,1,BPMC,NAP,202210,0,0,59.98,59.98,77.98,1,44835,0,0,0,0,0,0,0
122491,11/15/2022,0,3000.00,7/29/2021,KISSIMMEE,FL,34744,30,14,5,500,I,BAD AGENCY,PERM LOCK,1,BPMC,NAP,202210,68.037,228.11,0,228.11,169.06,1,44835,0,55.11,0,0,0,0,0
162113,3/4/2019,FUEL-ONLY PARENT ACCT,0.00,8/2/2012,DALLAS,TX,75231,7,7,3,5700,M,OTHER,PERM LOCK,0,Fuelman,Fuelman,202211,64.781,272.02,0,272.02,404.39,2,45231,9545.96,920.23,0,0,0,0,0
111752,1/8/2022,0,7500.00,7/29/2020,CARMEL,IN,46032,30,21,10,7500,Z,UNLOCKED,UNLOCKED,1,FMMC,NAL MC,202210,0,0,39.99,39.99,650.78,1,44835,325.53,39.99,0,0,0,0,0
111904,12/3/2021,0,8500.00,8/13/2020,AURORA,IL,60505,7,7,10,8500,Z,UNLOCKED,UNLOCKED,1,SWMC,NAP,202212,0,0,13,13,13,1,44835,0,0,0,0,0,0,0
112635,6/21/2023,0,7500.00,10/15/2020,BENSENVILLE,IL,60106,30,14,10,4800,Z,UNLOCKED,UNLOCKED,1,BPMC,NAP,202210,803.581,3582.54,0,3582.54,6730.2,2,44835,0,0,0,0,0,0,0
113093,2/18/2022,0,4000.00,11/19/2020,TUSTIN,CA,92780,30,14,7,4800,G,OVERDUE,PERM LOCK,1,ARMC,NAP,202210,78.542,459.05,874.81,1333.86,3260.06,1,45231,0,1342.28,0,0,0,0,0
113603,9/14/2022,0,52500.00,12/18/2020,COLUMBIA,SC,29223,7,7,3,52500,Z,UNLOCKED,UNLOCKED,1,BPMC,NAP,202210,650.462,3146.31,1298.73,4445.04,4051.58,5,44835,158.62,0,0,0,0,0,0
113664,5/5/2022,0,15000.00,12/23/2020,CALIFORNIA,MO,65018,30,14,5,15000,Z,UNLOCKED,UNLOCKED,1,CSMC,NAP,202210,2318.65,9926,0,9926,8244.4,5,44835,1318.06,1270.37,0,0,0,0,0
115113,2/13/2023,0,26500.00,2/16/2021,VERNON,BC,V1T1J1,7,7,5,26500,Z,UNLOCKED,UNLOCKED,1,HSMC,NAP,202210,2193.135,11203.37,0,11203.37,14085.75,5,44986,2673.41,3585.11,0,0,0,0,0
115805,4/23/2022,0,5500.00,3/9/2021,SPRING VALLEY,CA,91977,7,7,3,5500,S,S-LOCK,TEMP LOCK,1,FMMC,NAL MC,202210,555.95,3596.83,0,3596.83,3560,4,44835,0,0,0,0,0,0,0
117442,2/27/2023,0,1000.00,4/20/2021,FORT RILEY,KS,66442,30,14,18,500,I,BAD AGENCY,PERM LOCK,1,BPMC,NAP,202210,34.491,133.35,0,133.35,138.05,1,44835,0,151.22,7,331.77,0,0,0
117629,7/13/2022,0,16500.00,4/23/2021,SAINT LOUIS,MO,63120,7,5,3,35000,P,PAYMENT PLAN,PERM LOCK,1,BPMC,NAP,202210,552.134,2623.9,8464.23,11088.13,5230.06,4,44835,246.33,0,0,0,0,0,0
117770,8/3/2022,0,4000.00,4/28/2021,MIRAMAR,FL,33025,15,14,18,2800,Z,UNLOCKED,UNLOCKED,1,BPMC,NAP,202210,0,0,223.74,223.74,47.15,1,44835,0,0,0,0,0,0,0
119051,1/9/2023,0,4000.00,5/27/2021,MIAMI,FL,33177,7,5,7,4000,Z,UNLOCKED,UNLOCKED,1,BPMC,NAP,202301,0,0,493.14,493.14,200,1,44835,0,0,0,0,0,0,0
122516,4/21/2023,0,4600.00,7/30/2021,JEFFERSON,MA,01522,15,15,7,4500,Z,UNLOCKED,UNLOCKED,1,BPMC,NAP,202210,333.212,1197.28,0,1197.28,1924.12,2,44835,0,55.11,0,0,0,0,0
122943,8/20/2022,0,4500.00,8/5/2021,SAVANNAH,GA,31419,7,7,3,4500,Z,UNLOCKED,UNLOCKED,0,FMMC,NAL MC,202210,232.86,1103.51,0,1103.51,630.08,5,44835,0,55.11,0,0,0,0,0
123926,9/8/2022,0,21500.00,8/20/2021,LAKESIDE,MT,59922,30,15,3,21500,I,BAD AGENCY,PERM LOCK,1,FMMC,NAL MC,202210,361.59,1854.55,0,1854.55,2787.63,3,44835,0,55.11,0,0,0,0,0
138276,11/21/2022,0,7500.00,3/23/2022,ATLANTA,GA,30350,30,14,7,2300,Z,UNLOCKED,UNLOCKED,1,BPMC,NAP,202210,200.333,678.55,0,678.55,801.08,1,44835,0,782.05,13,1421.94,0,0,0
138764,5/14/2023,0,7500.00,3/26/2022,COMPTON,CA,90221,7,5,3,5700,Z,UNLOCKED,UNLOCKED,1,ARMC,NAP,202210,1514.704,7275.23,509.7,7784.93,7906.43,4,45231,0,0,0,0,0,0,0
141801,12/22/2022,0,3500.00,5/10/2022,BEN WHEELER,TX,75754,7,7,7,1000,I,BAD AGENCY,PERM LOCK,0,BPMC,NAP,202210,275.278,1270.71,0,1270.71,1109.29,2,45231,0,0,50,0,1238.63,0,0
195279,4/10/2023,FUEL-ONLY PARENT ACCT,0.00,4/28/2021,NEW SMYRNA BEACH,FL,32168,30,10,10,900,M,OTHER,PERM LOCK,1,Fuelman,Fuelman,202210,40.844,133.83,0,133.83,224.36,1,45231,0,0,222,0,0,0,4554.3
111474,1/15/2022,0,10500.00,7/1/2020,BEAUMONT,TX,77708,7,7,3,10800,P,PAYMENT PLAN,PERM LOCK,1,FMMC,NAL MC,202210,2743.964,12128.5,3251.77,15380.27,15566.54,5,44835,0,0,93,129.84,0,5243.49,1413.79
111974,6/15/2023,0,6300.00,8/20/2020,CARMEL,IN,46032,7,7,10,5090,Z,UNLOCKED,UNLOCKED,1,SWMC,NAP,202210,500.445,2092.14,88.46,2180.6,2225.79,4,44835,0,250.3,0,0,0,0,0
113070,4/13/2022,0,8000.00,11/18/2020,WOODLAWN,TN,37191,30,14,3,8000,G,OVERDUE,PERM LOCK,1,SWMC,NAP,202210,29.71,93.58,0,93.58,9811.61,1,45231,0,0,8,961.79,0,0,38.21
113178,1/26/2022,0,8000.00,11/24/2020,WYOMING,MI,49519,7,13,5,10400,Z,UNLOCKED,UNLOCKED,0,FMMC,NAL MC,202210,3813.755,13963.61,1444.47,15408.08,13596.43,4,44835,0,12712.56,0,0,0,0,0
114926,8/17/2022,0,7500.00,2/10/2021,BOSSIER CITY,LA,71111,30,14,10,9000,I,BAD AGENCY,PERM LOCK,1,BPMC,NAP,202210,139.765,435.31,4390.56,4825.87,3816.87,1,44835,0,0,0,0,0,0,0
115377,8/4/2022,0,4000.00,2/24/2021,FLORISSANT,MO,63033,7,7,10,1600,Z,UNLOCKED,UNLOCKED,0,BPMC,NAP,202210,0,0,239.62,239.62,478.12,1,44835,0,0,0,0,0,0,0
115697,12/13/2022,0,3500.00,3/4/2021,JOLIET,IL,60433,30,14,18,200,Z,UNLOCKED,UNLOCKED,1,BPMC,NAP,202210,7.8,35,12.79,47.79,220.79,1,44835,0,0,0,0,0,0,0
125404,8/8/2022,0,3000.00,9/11/2021,ATLANTA,GA,30326,30,14,7,4500,I,BAD AGENCY,PERM LOCK,0,BPMC,NAP,202210,0,0,4563.72,4563.72,4148.27,4,44986,0,0,0,0,0,0,0
126933,8/23/2022,0,9500.00,10/2/2021,MEMPHIS,TN,38107,7,7,3,9500,P,PAYMENT PLAN,PERM LOCK,0,FMMC,NAL MC,202210,0,0,33119.39,33119.39,24681.29,3,44835,624.17,66.74,0,0,0,0,0
133232,4/3/2023,0,1200.00,1/13/2022,SUFFOLK,VA,23434,30,14,10,2500,Z,UNLOCKED,UNLOCKED,0,BPMC,NAP,202210,156.8,564.87,0,564.87,750.08,1,44835,0,2700.56,0,0,0,0,0
134063,8/26/2022,0,3500.00,1/26/2022,ATLANTA,GA,30310,15,10,18,2100,Z,UNLOCKED,UNLOCKED,1,FMMC,NAL MC,202210,16.973,57.21,422.16,479.37,13.69,1,44835,0,139.54,0,0,0,0,0
139907,12/2/2022,0,1200.00,4/12/2022,HOUSTON,TX,77078,30,14,5,1200,B,Fraud / Suspicious Activity,PERM LOCK,0,SWMC,NAP,202210,24.278,75.07,0,75.07,72,1,44835,963.71,7.57,0,0,0,0,0
140853,11/21/2022,0,3000.00,4/26/2022,SHERIDAN,WY,82801,30,14,5,300,I,BAD AGENCY,PERM LOCK,1,BPMC,NAP,202210,101.82,365.8,0,365.8,541.09,2,44835,0,0,39,85,544.33,0,0
111434,9/13/2023,0,7500.00,6/27/2020,JENKINSBURG,GA,30234,7,5,3,7500,Z,UNLOCKED,UNLOCKED,0,BPMC,NAP,202210,2801.141,9037.11,0,9037.11,8523.38,4,44835,1639.57,514.91,0,0,0,0,0
113617,4/6/2022,0,30000.00,12/19/2020,CUCAMONGA,CA,91730,30,14,5,30000,Z,UNLOCKED,UNLOCKED,1,ARMC,NAP,202210,159.18,956.81,0,956.81,2.21,1,44835,0,352.55,0,0,0,0,0
115545,6/10/2022,0,4000.00,3/2/2021,DEDHAM,MA,02026,30,14,7,4000,I,BAD AGENCY,PERM LOCK,1,BPMC,NAP,202210,0,0,3933,3933,4105.1,2,44835,0,0,0,0,0,0,0
116471,11/16/2022,0,22500.00,3/25/2021,MISSISSUAGA,ON,L5T2K4,7,7,5,22500,Z,UNLOCKED,UNLOCKED,0,HSMC,NAP,202210,3232.572,18793.66,0,18793.66,22128.02,4,44835,0,0,0,0,0,0,0
116605,2/26/2023,0,4000.00,3/27/2021,NEWARK,DE,19711,15,15,7,3000,Z,UNLOCKED,UNLOCKED,1,BPMC,NAP,202210,217.59,762.52,0,762.52,964.27,5,44835,0,0,0,0,0,0,0
116798,5/8/2022,0,4000.00,4/2/2021,CHARLESTON,SC,29423,30,15,7,4000,I,BAD AGENCY,PERM LOCK,1,FMMC,NAL MC,202210,59.423,217.14,929.17,1146.31,1300,2,44986,0,0,0,0,0,0,0
118129,6/26/2022,0,4500.00,5/7/2021,NASHVILLE,TN,37208,30,15,10,4500,Z,UNLOCKED,UNLOCKED,0,FMMC,NAL MC,202211,23.295,78.54,393.05,471.59,243.95,1,44835,0,0,0,0,0,0,0
118603,6/30/2022,0,3000.00,5/18/2021,DETROIT,MI,48234,30,15,3,3000,I,BAD AGENCY,PERM LOCK,1,FMMC,NAL MC,202210,0,0,0.99,0.99,4549.25,3,44986,0,0,0,0,0,0,0
120612,9/21/2022,0,32500.00,6/29/2021,CAPROCK,NM,88213,15,15,5,59000,Z,UNLOCKED,UNLOCKED,1,FMMC,NAL MC,202210,6294.726,25922.6,12728.18,38650.78,35424.09,2,44835,0,16006.81,0,0,0,0,0
120772,8/20/2022,0,4500.00,7/2/2021,WASHINGTON,GA,30673,7,7,5,4500,Z,UNLOCKED,UNLOCKED,1,SWMC,NAP,202210,782.553,2467.1,4.78,2471.88,2729.48,5,44835,343.32,35,0,0,0,0,0
123121,9/11/2022,0,3500.00,8/8/2021,RIVERVIEW,FL,33579,15,14,18,2500,Z,UNLOCKED,UNLOCKED,1,BPMC,NAP,202210,0,0,153.87,153.87,303.99,2,44835,0,55.11,0,0,0,0,0
125155,11/19/2022,0,3500.00,9/7/2021,SNELLVILLE,GA,30039,30,14,3,3500,I,BAD AGENCY,PERM LOCK,1,BPMC,NAP,202210,50.548,163.1,0.4,163.5,277.17,1,44835,0,0,171,0,0,0,4067.8
126657,8/29/2022,0,3500.00,9/29/2021,LITHONIA,GA,30058,15,15,5,2920,Z,UNLOCKED,UNLOCKED,1,FMMC,NAL MC,202210,59.786,243.49,2372.91,2616.4,3300.7,3,44835,624.17,66.74,0,0,0,0,0
126804,12/9/2022,0,5500.00,10/2/2021,CORONA,CA,92879,30,14,7,400,Z,UNLOCKED,UNLOCKED,1,BPMC,NAP,202210,68.61,385.44,0,385.44,728.03,2,44835,624.17,66.74,0,0,0,0,0
128413,7/20/2022,0,29000.00,10/23/2021,FORT LAUDERDALE,FL,33309,30,14,7,5320,I,BAD AGENCY,PERM LOCK,0,BPMC,NAP,202210,883.758,3523.98,7.92,3531.9,1741.85,2,44835,0,0,139,0,10,1500.13,4003.45
129187,4/7/2023,0,1200.00,11/4/2021,RENO,NV,89506,7,7,18,300,I,BAD AGENCY,PERM LOCK,0,FMMC,NAL MC,202210,22.029,122.02,7,129.02,222.36,1,44835,0,5000,0,0,0,0,0
133826,9/14/2022,0,51000.00,1/22/2022,TUSCALOOSA,AL,35406,30,15,5,6500,I,BAD AGENCY,PERM LOCK,1,FMMC,NAL MC,202210,162.399,561.4,8683.35,9244.75,5777.29,10,44835,0,0,49,0,63233.78,0,0
134101,11/14/2022,0,28000.00,1/27/2022,AUBURN,GA,30011,7,5,7,12000,I,BAD AGENCY,PERM LOCK,1,BPMC,NAP,202210,174.405,831.1,251.82,1082.92,941.1,2,44835,0,0,50,0,11759.03,0,0
111986,3/14/2022,0,26000.00,8/21/2020,MODESTO,CA,95354,7,5,18,26000,Z,UNLOCKED,UNLOCKED,1,ARMC,NAP,202210,280.79,1598.37,0,1598.37,741.1,3,45231,416.48,0,45,0,175.04,0,0
113843,4/29/2022,0,3500.00,1/1/2021,ATLANTA,GA,30349,30,14,7,800,Z,UNLOCKED,UNLOCKED,1,BPMC,NAP,202210,0,0,5459.65,5459.65,15532.68,3,44835,0,359.88,0,0,0,0,0
113925,6/11/2022,0,3000.00,1/7/2021,WINTER HAVEN,FL,33881,30,14,18,1120,Z,UNLOCKED,UNLOCKED,1,BPMC,NAP,202210,0,0,1000,1000,400,1,44835,0,359.88,0,0,0,0,0
114693,3/2/2023,0,2000.00,2/3/2021,RIALTO,CA,92377,30,14,10,1000,I,BAD AGENCY,PERM LOCK,1,ARMC,NAP,202210,13.79,80,0,80,1000,1,44927,0,359.88,0,0,0,0,0
115885,5/21/2022,0,3500.00,3/10/2021,CHARLOTTE,NC,28215,30,14,7,3500,I,BAD AGENCY,PERM LOCK,1,BPMC,NAP,202210,0,0,97.51,97.51,1050,2,44835,0,0,0,0,0,0,0
116048,2/8/2023,0,24400.00,3/16/2021,COLUMBUS,OH,43228,30,14,5,14300,Z,UNLOCKED,UNLOCKED,0,SWMC,NAP,202210,2139.452,10813.65,0,10813.65,5337.34,2,44835,0,0,0,0,0,0,0
116139,5/29/2022,0,3500.00,3/16/2021,SPENCER,OK,73084,30,14,18,3500,G,OVERDUE,PERM LOCK,1,BPMC,NAP,202210,14.26,45.32,175.99,221.31,90.64,2,44835,0,0,0,0,0,0,0
117008,12/19/2022,0,5000.00,4/8/2021,CLEVELAND,OH,44130,30,14,5,5000,Z,UNLOCKED,UNLOCKED,1,SWMC,NAP,202210,442.471,1708.55,0,1708.55,3291.1,2,44835,0,1454.57,0,0,0,0,0
117013,7/7/2022,0,5500.00,4/8/2021,UPPER MARLBORO,MD,20772,7,7,5,5500,Z,UNLOCKED,UNLOCKED,1,FMMC,NAL MC,202210,817.948,4181.78,670.56,4852.34,4453.49,8,44835,1575.55,322.7,0,0,0,0,0
118033,10/5/2022,0,26500.00,5/6/2021,NASHVILLE,TN,37207,7,7,5,26500,I,BAD AGENCY,PERM LOCK,0,BPMC,NAP,202210,223.793,722.11,173.27,895.38,1281.37,7,44835,0,0,0,0,0,0,0
119430,9/4/2022,0,4000.00,6/5/2021,ATLANTA,GA,30338,30,15,5,1000,Z,UNLOCKED,UNLOCKED,0,FMMC,NAL MC,202210,50.117,187.72,428.54,616.26,633.83,1,44835,0,80.63,0,0,0,0,0
122615,8/15/2022,0,3500.00,7/30/2021,SAINT PETERSBURG,FL,33701,30,15,3,200,S,S-LOCK,TEMP LOCK,1,FMMC,NAL MC,202210,0,0,473,473,844.08,1,44835,0,55.11,0,0,0,0,0
125103,2/16/2023,0,57500.00,9/4/2021,ORLANDO,FL,32819,15,15,3,40250,A,Other,PERM LOCK,0,FMMC,NAL MC,202210,1515.684,7311.96,787.79,8099.75,19797.33,1,44986,0,0,0,0,0,0,0
125747,12/30/2022,0,6500.00,9/16/2021,DALLAS,TX,75208,7,7,3,4800,I,BAD AGENCY,PERM LOCK,0,FMMC,NAL MC,202210,1536.112,5771.87,1029.42,6801.29,6769.07,8,44986,0,0,0,0,0,0,0
127324,7/23/2022,0,4000.00,10/8/2021,ORANGE PARK,FL,32065,30,14,10,4000,I,BAD AGENCY,PERM LOCK,0,BPMC,NAP,202210,121.159,399.02,4744.08,5143.1,4319.04,3,44835,624.17,66.74,0,0,0,0,0
128154,12/21/2022,0,3000.00,10/20/2021,PFLUGERVILLE,TX,78660,30,15,3,1800,P,PAYMENT PLAN,PERM LOCK,1,FMMC,NAL MC,202210,56.4,170.85,0,170.85,391.81,1,44835,0,0,72,250.9,839.86,1924.41,0
128620,3/11/2023,0,5000.00,10/28/2021,BALTIMORE,MD,21223,30,21,5,400,I,BAD AGENCY,PERM LOCK,0,ARMC,NAP,202210,0,0,148.9,148.9,342.16,1,44835,515.51,0,0,0,0,0,0
135375,10/5/2022,0,4000.00,2/12/2022,POMONA,CA,91766,30,14,5,4000,N,NSF,TEMP LOCK,1,ARMC,NAP,202210,134.324,812.2,1305.41,2117.61,2012.65,1,44835,615.12,297.35,25,0,279.84,0,0
143383,11/14/2022,0,3000.00,6/7/2022,MACON,GA,31206,30,14,7,500,I,BAD AGENCY,PERM LOCK,1,BPMC,NAP,202210,115.542,346.98,0,346.98,505.04,1,44986,0,0,0,0,0,0,0
150630,1/10/2023,0,2000.00,7/14/2022,ANDERSON,SC,29624,30,14,5,2000,I,BAD AGENCY,PERM LOCK,1,BPMC,NAP,202210,117.29,387.08,0,387.08,706.19,3,44835,9545.96,920.23,0,0,0,0,0
188365,8/24/2023,FUEL-ONLY PARENT ACCT,0.00,10/2/2020,COLUMBUS,OH,43240,30,10,3,15000,M,A/R REASON,PERM LOCK,1,Fuelman,Fuelman,202210,2802.922,10522.33,0,10522.33,10361.42,1,44835,0,0,222,0,0,0,4554.3
222663,5/3/2023,FUEL-ONLY PARENT ACCT,0.00,4/19/2022,COLUMBIA,SC,29209,30,10,9,2400,M,COLLECT,PERM LOCK,1,Fuelman,Fuelman,202210,2220.237,7154.33,0,7154.33,6807.2,7,45231,0,426.06,0,0,0,0,0
265976,1/28/2021,0,4500.00,2/23/2019,COLUMBUS,OH,43235,15,15,7,5000,I,BAD AGENCY,PERM LOCK,1,FMMC,NAL MC,202212,22.416,67,23.44,90.44,375.89,1,44835,3944.56,0,0,0,0,0,0
185598,8/23/2021,FUEL-ONLY PARENT ACCT,0.00,1/29/2020,ORLANDO,FL,32801,14,10,5,600,M,PAYMNT PLN,PERM LOCK,1,Fuelman,Fuelman,202211,26.938,84,0,84,84,1,45231,0,0,222,0,0,0,4554.3
205105,3/21/2023,FUEL-ONLY PARENT ACCT,0.00,9/17/2021,WESTMINSTER,CO,80023,30,10,10,1000,M,OTHER,PERM LOCK,0,Fuelman,Fuelman,202210,164.79,565.97,0,565.97,284.44,1,44835,0,0,222,0,0,0,4554.3
266113,6/2/2021,0,20000.00,3/10/2019,DEXTER,MO,63841,30,15,5,5000,S,S-LOCK,TEMP LOCK,1,FMMC,NAL MC,202210,12.322,42.35,2924.7,2967.05,3613.98,2,44835,3944.56,0,0,0,0,0,0
269292,10/22/2021,0,3500.00,12/6/2019,COLUMBUS,GA,31909,15,15,10,3500,Z,UNLOCKED,UNLOCKED,1,SWMC,NAP,202210,32.99,101,21.31,122.31,125.38,2,44835,3944.56,0,0,0,0,0,0
271700,8/30/2021,0,4500.00,1/4/2020,CLEARWATER,FL,33764,15,13,18,1000,Z,UNLOCKED,UNLOCKED,1,FMMC,NAL MC,202210,0,0,387.73,387.73,7.76,1,44835,3944.56,0,0,0,0,0,0
208906,4/4/2023,FUEL-ONLY PARENT ACCT,0.00,11/2/2021,ATLANTA,GA,30310,30,10,10,1900,M,AGENCY REV,PERM LOCK,0,Fuelman,Fuelman,202210,86.623,309.44,0,309.44,411.58,1,45231,0,0,222,0,0,0,4554.3
212100,3/29/2023,FUEL-ONLY PARENT ACCT,0.00,12/14/2021,WHITSETT,NC,27377,7,7,3,9400,M,COLLECT,PERM LOCK,1,Fuelman,Fuelman,202210,1545.56,5327.36,0,5327.36,6297.98,4,45231,0,0,222,0,0,0,4554.3
270500,7/20/2022,0,5000.00,2/19/2020,PLYMOUTH,IN,46563,15,14,5,16500,Z,UNLOCKED,UNLOCKED,1,CSMC,NAP,202210,493.786,2000.33,0,2000.33,1968.75,1,45231,3944.56,0,0,0,0,0,0
272168,8/1/2019,0,16000.00,4/15/2016,BELLEVILLE,MI,48112,15,14,18,13000,Z,UNLOCKED,UNLOCKED,0,BPMC,NAP,202210,662.592,2682.59,68.88,2751.47,1064.81,2,44835,3944.56,0,0,0,0,0,0
273412,11/15/2021,0,3500.00,9/7/2019,RANCHO CUCAMONGA,CA,91730,15,14,5,3500,Z,UNLOCKED,UNLOCKED,1,ARMC,NAP,202210,200.59,1288.69,0,1288.69,2359.8,2,44835,3944.56,0,0,0,0,0,0
279705,1/20/2022,0,7500.00,1/22/2020,BROOKLYN,NY,11232,15,14,7,1800,Z,UNLOCKED,UNLOCKED,1,BPMC,NAP,202210,577.906,2791.28,2093.55,4884.83,5522.85,2,44835,3944.56,0,0,0,0,0,0
266312,12/19/2020,0,6500.00,3/30/2019,KANSAS CITY,MO,64137,7,7,3,40000,Z,UNLOCKED,UNLOCKED,1,FMMC,NAL MC,202210,0,0,36166.11,36166.11,30992.77,4,44835,3944.56,0,0,0,0,0,0
269885,11/6/2021,0,7500.00,12/12/2019,RIALTO,CA,92376,7,5,3,7500,Q,INACTIVE,PERM LOCK,1,ARMC,NAP,202210,216.342,1310.05,3839.2,5149.25,353.06,1,44835,3944.56,0,0,0,0,0,0
277261,9/28/2022,0,12500.00,1/17/2020,EPHRATA,WA,98823,7,7,3,15000,A,Other,PERM LOCK,1,FMMC,NAL MC,202210,871.2,4407.5,-1.79,4405.71,7003.95,4,44835,3944.56,0,0,0,0,0,0
280747,11/21/2022,0,42500.00,10/22/2019,NORTH YORK,ON,M6L2H8,30,15,5,32260,Z,UNLOCKED,UNLOCKED,0,HSMC,NAP,202210,2841.839,13699.88,0,13699.88,15659,1,44835,3944.56,0,0,0,0,0,0
187094,6/12/2023,FUEL-ONLY PARENT ACCT,0.00,6/30/2020,CLARKSDALE,MS,38614,7,7,10,3000,M,OTHER,PERM LOCK,1,Fuelman,Fuelman,202210,717.13,2872.44,0,2872.44,2949.8,4,45231,0,0,222,0,0,0,4554.3
216160,4/28/2023,FUEL-ONLY PARENT ACCT,0.00,2/6/2022,HUNTSVILLE,AL,35824,30,10,9,2650,M,NSF,TEMP LOCK,1,Fuelman,Fuelman,202210,170.805,583.22,0,583.22,1331.11,2,45231,0,426.06,0,0,0,0,0
225255,4/25/2023,FUEL-ONLY PARENT ACCT,0.00,5/19/2022,HAMPTON,VA,23661,7,7,3,1500,S,Delinquent,TEMP LOCK,1,Fuelman,Fuelman,202210,330.972,1716.6,0,1716.6,1714.52,4,45231,0,426.06,0,0,0,0,0
270492,7/11/2022,0,5000.00,2/19/2020,DUBUQUE,IA,52003,7,7,10,5000,Z,UNLOCKED,UNLOCKED,0,CSMC,NAP,202210,821.4,3090.46,25.25,3115.71,2915.35,4,45231,3944.56,0,0,0,0,0,0
209856,4/24/2023,FUEL-ONLY PARENT ACCT,0.00,11/15/2021,PRATTVILLE,AL,36066,7,7,3,5000,M,OTHER,PERM LOCK,1,Fuelman,Fuelman,202210,50.724,253.57,0,253.57,372.13,2,44835,0,0,79,0,200.81,545.53,0
212499,5/10/2023,FUEL-ONLY PARENT ACCT,0.00,12/20/2021,BEREA,KY,40403,30,10,3,2200,M,COLLECT,PERM LOCK,0,Fuelman,Fuelman,202210,967.12,3265.89,0,3265.89,2076.67,2,45231,0,0,79,0,200.81,545.53,0
265649,11/11/2020,0,14500.00,5/7/2019,VADNAIS HEIGHTS,MN,55127,30,14,7,15000,I,BAD AGENCY,PERM LOCK,0,FMMC,NAL MC,202210,90.95,346.04,5925.29,6271.33,7232.7,1,44835,3944.56,0,0,0,0,0,0
267037,11/11/2021,0,4000.00,5/14/2019,BAKERSFIELD,CA,93312,7,5,3,4000,I,BAD AGENCY,PERM LOCK,1,ARMC,NAP,202210,58.024,324.55,44.25,368.8,677.94,2,44835,3944.56,0,0,0,0,0,0
270384,12/14/2021,0,6500.00,6/12/2019,CEDAR KNOLLS,NJ,07927,15,14,5,9100,Z,UNLOCKED,UNLOCKED,1,BPMC,NAP,202210,1580.537,6015.95,419.26,6435.21,6218.77,2,44835,3944.56,0,0,0,0,0,0
271987,11/2/2021,0,5000.00,6/23/2016,YUCAIPA,CA,92399,30,14,3,5000,I,BAD AGENCY,PERM LOCK,1,ARMC,NAP,202210,7.36,45,3785.22,3830.22,4452.69,3,44835,3944.56,0,0,0,0,0,0
180073,3/26/2019,FUEL-ONLY PARENT ACCT,0.00,10/23/2018,MABANK,TX,75156,14,10,16,6800,M,OTHER,PERM LOCK,1,Fuelman,Fuelman,202210,1644.355,5704.06,0,5704.06,4892.52,2,45231,9545.96,920.23,0,0,0,0,0
193772,5/24/2023,FUEL-ONLY PARENT ACCT,0.00,3/30/2021,GROVETOWN,GA,30813,7,7,3,6800,M,COLLECT,PERM LOCK,0,Fuelman,Fuelman,202210,918.032,4115.95,0,4115.95,4968.01,5,44835,0,0,222,0,0,0,4554.3
265674,2/15/2021,0,16500.00,5/8/2019,LEMON GROVE,CA,91945,15,15,5,40000,Z,UNLOCKED,UNLOCKED,1,FMMC,NAL MC,202210,1513.393,9099.13,28809.59,37908.72,21627.8,3,44835,3944.56,0,0,0,0,0,0
267235,6/4/2022,0,7500.00,3/19/2019,OSTERVILLE,MA,02655,30,14,10,7500,Z,UNLOCKED,UNLOCKED,1,SWMC,NAP,202210,499.878,1820.44,2019.65,3840.09,7950.2,2,44835,3944.56,0,0,0,0,0,0
268425,1/30/2020,0,3000.00,5/21/2019,BIG PRAIRIE,OH,44611,7,7,5,1600,Z,UNLOCKED,UNLOCKED,1,SWMC,NAP,202210,491.73,1836.67,0,1836.67,1755.29,4,44835,3944.56,0,0,0,0,0,0
284519,7/6/2023,0,68500.00,12/1/2010,DUBUQIE,IA,52004,30,15,10,85625,Z,UNLOCKED,UNLOCKED,0,FMMC,NAL MC,202210,7874.293,32810.93,179.03,32989.96,30632.25,1,44835,0,8155.68,0,0,0,0,0
285035,11/23/2019,0,19700.00,8/5/2014,SIOUX FALLS,SD,57106,7,1,18,22000,Z,UNLOCKED,UNLOCKED,0,FMMC,NAL MC,202210,267.471,1120.8,11,1131.8,1315.46,4,44835,0,0,0,0,0,0,0
289680,11/6/2021,0,3000.00,1/11/2019,MONROVIA,CA,91016,30,14,7,3000,A,Other,PERM LOCK,1,ARMC,NAP,202210,38,239.43,0,239.43,305.95,1,44986,0,0,0,0,0,0,0
294421,5/7/2022,0,30500.00,6/7/2019,SERGEANT BLUFF,IA,51054,7,7,5,30500,Z,UNLOCKED,UNLOCKED,1,CSMC,NAP,202210,1898.543,7308.03,7.2,7315.23,6527.93,17,44835,0,0,0,0,0,0,0
297881,4/15/2022,0,11500.00,5/22/2020,LEBANON,PA,17042,7,7,10,11500,P,PAYMENT PLAN,PERM LOCK,0,FMMC,NAL MC,202210,1882.723,7155.26,137.13,7292.39,7316.62,4,44835,0,0,0,0,0,0,0
297932,3/16/2022,0,4000.00,5/22/2020,PORT SAINT LUCIE,FL,34953,30,14,5,8000,Z,UNLOCKED,UNLOCKED,1,SWMC,NAP,202210,228.755,755.61,0,755.61,635.22,4,44835,0,0,0,0,0,0,0
304590,10/18/2022,0,10500.00,8/2/2019,BURR OAK,KS,66936,7,7,10,9240,I,BAD AGENCY,PERM LOCK,1,CSMC,NAP,202210,863.904,3783.12,3055.14,6838.26,4001.11,2,44835,0,0,0,0,0,0,0
306864,5/10/2019,0,,6/7/2013,LONGWOOD,FL,32750,7,1,3,10000,Z,UNLOCKED,UNLOCKED,0,FMMC,NAL MC,202210,117.02,637.23,263.66,900.89,532,4,44835,0,0,0,0,0,0,0
308275,1/25/2023,0,70000.00,5/21/2013,JONESBORO,ME,04648,7,1,3,70000,Z,UNLOCKED,UNLOCKED,0,FMMC,NAL MC,202210,2288.087,11392.59,1316.34,12708.93,13321.24,4,44835,0,0,0,0,0,0,0
311521,6/15/2019,0,,10/6/2017,SALTSBURG,PA,15681,7,7,5,8500,Z,UNLOCKED,UNLOCKED,1,FMMC,NAL MC,202210,734.356,3746.2,85.59,3831.79,3614.79,4,44835,0,0,0,0,0,0,0
289718,2/20/2020,0,1500.00,10/25/2018,WALNUT CREEK,CA,94597,15,14,10,1500,Z,UNLOCKED,UNLOCKED,1,ARMC,NAP,202210,78.947,447.55,0,447.55,541.85,2,44835,0,0,0,0,0,0,0
289798,12/14/2021,0,3500.00,12/28/2018,ARCADIA,CA,91006,7,5,5,3500,N,NSF,TEMP LOCK,0,ARMC,NAP,202210,144.692,788.79,636.52,1425.31,1408.87,4,44986,0,0,0,0,0,0,0
292970,10/31/2022,0,10000.00,3/14/2020,NEW LISKEARD,ON,P0J1P0,7,14,5,10000,S,S-LOCK,TEMP LOCK,1,HSMC,NAP,202210,356.973,2012.21,0,2012.21,3550,2,44835,0,0,0,0,0,0,0
295350,11/2/2021,0,7000.00,2/11/2020,WHITESBURG,GA,30185,15,14,7,700,A,Other,PERM LOCK,1,BPMC,NAP,202210,177.389,701.08,196.39,897.47,631.61,1,44835,0,0,0,0,0,0,0
301476,4/11/2022,0,11000.00,4/5/2018,WARREN,MI,48089,15,15,5,12000,Z,UNLOCKED,UNLOCKED,1,SWMC,NAP,202210,1109.457,5776.92,370.67,6147.59,4614.76,1,44835,0,0,0,0,0,0,0
308597,2/1/2020,0,110000.00,3/8/2019,LINCOLN,NE,68506,7,7,5,200000,Z,UNLOCKED,UNLOCKED,0,FMMC,NAL MC,202210,107830.595,502069.55,2565.3,504634.85,430701.05,8,44835,0,0,0,0,0,0,0
309734,10/1/2022,0,37500.00,1/14/2016,CORNELIUS,NC,28031,7,1,3,37500,Z,UNLOCKED,UNLOCKED,0,FMMC,NAL MC,202210,6894.334,34824.89,5597.34,40422.23,31228.93,4,44835,0,0,0,0,0,0,0
309915,3/11/2022,0,12500.00,12/18/2014,ENID,OK,73701,7,1,3,20000,Z,UNLOCKED,UNLOCKED,0,FMMC,NAL MC,202210,41.88,167.49,2795.9,2963.39,1686.94,4,44835,0,0,0,0,0,0,0
311320,2/11/2020,0,5500.00,7/19/2018,PENSACOLA,FL,32534,7,7,3,4000,Z,UNLOCKED,UNLOCKED,1,BPMC,NAP,202210,0,0,1324.19,1324.19,779.71,2,44835,0,0,0,0,0,0,0
311655,10/16/2020,0,32000.00,8/23/2016,NOVI,MI,48375,30,14,18,32000,Z,UNLOCKED,UNLOCKED,0,BPMC,NAP,202301,0,0,393.31,393.31,163.25,1,44986,0,0,0,0,0,0,0
311810,1/16/2020,0,33500.00,6/20/2014,ROCKSPRINGS,WY,82901,15,15,3,31000,I,BAD AGENCY,PERM LOCK,0,FMMC,NAL MC,202210,63.584,295.67,0,295.67,2336.55,2,44835,0,0,0,0,0,0,0
280608,1/27/2020,0,6000.00,12/20/2013,NEWPORT BEACH,CA,92660,7,5,3,6000,Z,UNLOCKED,UNLOCKED,0,ARMC,NAP,202210,60.88,339.53,0,339.53,474.58,3,44835,3944.56,0,0,0,0,0,0
281548,10/6/2023,0,11900.00,7/4/2019,HOSCHTON,GA,30548,30,15,10,11900,Z,UNLOCKED,UNLOCKED,1,FMMC,NAL MC,202210,402.952,1303.21,123.28,1426.49,708.38,2,44986,1185.99,453.48,0,0,0,0,0
291315,3/19/2020,0,3000.00,12/29/2018,SOUTHFIELD,MI,48076,30,7,5,8500,G,OVERDUE,PERM LOCK,1,FMMC,NAL MC,202210,0,0,611.77,611.77,635.38,2,44835,0,0,0,0,0,0,0
294185,1/14/2022,0,3500.00,2/6/2020,RICHMOND,TX,77407,30,14,7,600,I,BAD AGENCY,PERM LOCK,1,BPMC,NAP,202210,0,0,2059.59,2059.59,2347.84,2,44835,0,0,0,0,0,0,0
294294,3/5/2020,0,1900.00,5/31/2019,AUBURN,IN,46706,7,7,5,4500,Z,UNLOCKED,UNLOCKED,0,FMMC,NAL MC,202210,886.94,3638.16,1472.64,5110.8,4725.32,5,44835,0,0,0,0,0,0,0
296449,11/9/2022,0,16000.00,5/2/2020,ATCHISON,KS,66002,7,7,5,1700,Z,UNLOCKED,UNLOCKED,1,CSMC,NAP,202210,57.154,200.34,0,200.34,363.73,2,44835,0,0,0,0,0,0,0
299007,9/14/2019,0,24000.00,2/16/2018,NEVADA,OH,44849,7,7,5,16300,Z,UNLOCKED,UNLOCKED,0,SWMC,NAP,202210,3642.366,18246.11,4134.12,22380.23,18884.5,4,44835,0,0,0,0,0,0,0
306739,8/28/2021,0,3500.00,11/7/2019,LAFAYETTE,LA,70501,30,14,10,1800,Z,UNLOCKED,UNLOCKED,0,FMMC,NAL MC,202210,33.3,108.04,47.64,155.68,268.71,6,44835,0,0,0,0,0,0,0
309304,8/27/2021,0,16500.00,9/25/2019,MEDFORD,OR,97501,30,15,7,24800,P,PAYMENT PLAN,PERM LOCK,1,FMMC,NAL MC,202210,119.901,667.79,0,667.79,1699.05,1,44835,0,0,0,0,0,0,0
289345,5/14/2019,0,25000.00,7/19/2013,PHOENIX,AZ,85086,7,1,18,2500,Z,UNLOCKED,UNLOCKED,0,FMMC,NAL MC,202210,178.169,784.69,580.4,1365.09,1509.79,4,44835,0,0,0,0,0,0,0
292595,9/28/2020,0,48000.00,1/20/2017,ROMULUS,MI,48174,7,7,10,20000,Z,UNLOCKED,UNLOCKED,1,SWMC,NAP,202210,3075.167,16475.79,0,16475.79,14152.49,4,44835,0,0,0,0,0,0,0
305294,6/8/2021,0,30000.00,8/10/2019,RIPLEY,WV,25271,15,15,10,30000,Z,UNLOCKED,UNLOCKED,0,SWMC,NAP,202210,5531.146,22232.92,5.25,22238.17,25503.1,9,44835,0,0,0,0,0,0,0
320704,4/3/2022,0,16000.00,8/29/2019,CARNEYS POINT,NJ,08069,7,7,3,11340,Z,UNLOCKED,UNLOCKED,0,FMMC,NAL MC,202210,2314.18,12352.21,2000,14352.21,11274.95,4,44835,62.8,61.1,0,0,0,0,0
283154,11/18/2022,0,12500.00,2/3/2012,CIRCLEVILLE,OH,43113,7,5,7,12500,Z,UNLOCKED,UNLOCKED,0,BPMC,NAP,202210,461.412,1663.65,0,1663.65,1874.47,4,44835,0,0,0,0,0,0,0
288364,1/22/2021,0,14500.00,4/13/2018,DENMARK,WI,54208,7,4,18,16800,Z,UNLOCKED,UNLOCKED,0,BPMC,NAP,202210,247.849,1260.99,26324.49,27585.48,27014.64,4,44835,0,0,0,0,0,0,0
288368,6/3/2019,0,4000.00,4/14/2018,NEW YORK,NY,10018,7,7,3,4000,Z,UNLOCKED,UNLOCKED,0,BPMC,NAP,202210,243.08,1189.98,0,1189.98,1185.88,4,44835,0,0,0,0,0,0,0
292413,2/25/2022,0,101500.00,6/26/2012,CLARKSVILLE,TX,75426,7,7,5,101500,Z,UNLOCKED,UNLOCKED,0,FMMC,NAL MC,202210,25747.505,119785.41,10920.41,130705.82,125921.26,4,44835,0,0,0,0,0,0,0
294278,1/9/2020,0,1500.00,5/30/2019,MERIDIAN,ID,83642,30,14,10,2300,Z,UNLOCKED,UNLOCKED,0,FMMC,NAL MC,202210,0,0,752.38,752.38,213.04,1,44835,0,0,0,0,0,0,0
295912,1/22/2022,0,22500.00,6/26/2018,SANTA CLARA,CA,95050,30,14,5,17500,S,S-LOCK,TEMP LOCK,1,ARMC,NAP,202211,0,0,330.73,330.73,8701.15,1,44835,0,0,0,0,0,0,0
304507,5/20/2021,0,10500.00,7/27/2019,WILSON,NC,27894,15,15,5,10500,Z,UNLOCKED,UNLOCKED,1,SWMC,NAP,202210,277.1,1309.28,0,1309.28,1691.78,2,44835,0,0,0,0,0,0,0
285071,6/15/2019,0,17000.00,10/22/2014,DEER PARK,TX,77536,7,1,3,5000,Z,UNLOCKED,UNLOCKED,0,FMMC,NAL MC,202210,1224.807,5473.59,0,5473.59,7010.8,10,44835,0,0,0,0,0,0,0
291328,3/22/2022,0,18000.00,1/5/2019,BLOSSOM,TX,75416,15,15,3,7320,P,PAYMENT PLAN,PERM LOCK,1,FMMC,NAL MC,202210,1641.198,6327.68,522.56,6850.24,9087.06,1,44835,0,0,0,0,0,0,0
293402,11/25/2021,0,123500.00,5/6/2015,BUFFALO,WY,82834,15,15,5,123620,Z,UNLOCKED,UNLOCKED,0,FMMC,NAL MC,202210,15606.098,71426.1,383.4,71809.5,73233.36,2,44835,0,0,0,0,0,0,0
293857,7/7/2023,0,5500.00,2/7/2020,PARIS,AR,72855,30,14,10,3000,Z,UNLOCKED,UNLOCKED,0,CSMC,NAP,202210,245.319,840.05,0,840.05,1721.92,2,44835,0,0,0,0,0,0,0
294532,6/6/2019,0,10000.00,9/14/2017,MCGEHEE,AR,71654,7,7,3,5000,Z,UNLOCKED,UNLOCKED,0,FMMC,NAL MC,202210,2284.771,11018.55,0,11018.55,9282.69,5,44835,0,0,0,0,0,0,0
296245,8/31/2022,0,16500.00,5/1/2020,FAYETTEVILLE,GA,30214,7,7,3,16500,S,S-LOCK,TEMP LOCK,1,FMMC,NAL MC,202210,1037.348,3485.11,440.7,3925.81,4589.19,7,44835,0,0,0,0,0,0,0
296512,8/28/2022,0,14500.00,5/7/2020,KINGSPORT,TN,37663,7,7,10,7590,Z,UNLOCKED,UNLOCKED,0,FMMC,NAL MC,202210,3017.857,14459.6,52.61,14512.21,16215.95,4,44835,0,0,0,0,0,0,0
297617,7/30/2019,0,8500.00,2/5/2015,AUBURN,KY,42206,15,15,5,8860,Z,UNLOCKED,UNLOCKED,1,BPMC,NAP,202210,1594.672,7330.44,1694.49,9024.93,8719.19,1,44835,0,0,0,0,0,0,0
297935,10/2/2021,0,3500.00,5/22/2020,CHAGRIN FALLS,OH,44022,7,7,10,3500,I,BAD AGENCY,PERM LOCK,1,SWMC,NAP,202210,134.33,514.65,31.29,545.94,626.25,4,44835,0,0,0,0,0,0,0
301445,1/14/2020,0,3200.00,3/28/2018,BEULAVILLE,NC,28518,30,14,5,9000,I,BAD AGENCY,PERM LOCK,1,SWMC,NAP,202210,0,0,831.89,831.89,863.79,4,44835,0,0,0,0,0,0,0
309522,11/4/2021,0,5500.00,10/5/2019,LONG BEACH,CA,90804,15,14,18,5500,Z,UNLOCKED,UNLOCKED,1,ARMC,NAP,202210,993.31,5586.65,597.93,6184.58,7857.77,5,44986,0,0,0,0,0,0,0
279828,2/25/2021,0,18500.00,11/2/2018,CARSON,MS,39427,30,15,5,21000,I,BAD AGENCY,PERM LOCK,0,FMMC,NAL MC,202210,2008.102,7117.44,0,7117.44,29397.22,1,44835,3944.56,0,0,0,0,0,0
281423,5/16/2022,0,7500.00,10/20/2018,ALICE,TX,78332,7,7,5,5000,Z,UNLOCKED,UNLOCKED,0,FMMC,NAL MC,202210,575.012,1834.88,7405,9239.88,11497.93,5,44835,0,0,159,0,0,12,36
291263,11/24/2021,0,4000.00,12/6/2018,LOGANVILLE,GA,30052,7,7,7,5000,I,BAD AGENCY,PERM LOCK,0,FMMC,NAL MC,202210,1606.105,7367.45,157.51,7524.96,7266.42,4,44835,0,0,0,0,0,0,0
291319,4/13/2022,0,9500.00,1/2/2019,MALVERN,AR,72104,7,7,10,14300,Z,UNLOCKED,UNLOCKED,1,FMMC,NAL MC,202210,0,0,1219.34,1219.34,303.27,2,44835,0,0,0,0,0,0,0
305104,6/25/2022,0,30000.00,8/7/2019,TURNERSVILLE,NJ,08012,7,7,10,1130,Z,UNLOCKED,UNLOCKED,1,FMMC,NAL MC,202210,288.719,1442.46,289.28,1731.74,1038.49,2,44835,0,0,0,0,0,0,0
309790,8/30/2019,0,13500.00,11/24/2016,SENECA,KS,66538,7,1,3,11000,Z,UNLOCKED,UNLOCKED,0,FMMC,NAL MC,202210,80.16,377.67,213,590.67,767.83,3,44835,0,0,0,0,0,0,0
316336,9/20/2023,0,18000.00,10/6/2018,ELK GROVE VILLAGE,IL,60007,30,14,7,18000,Z,UNLOCKED,UNLOCKED,1,BPMC,NAP,202210,465.335,2121.36,0,2121.36,3964.38,1,44835,0,2157.4,1,2054.77,0,0,0
318184,3/3/2021,0,48500.00,5/15/2012,AUTRYVILLE,NC,28318,7,5,3,3600,N,NSF,TEMP LOCK,0,BPMC,NAP,202210,1277.151,5101.84,533.14,5634.98,5084.8,4,44835,62.8,61.1,0,0,0,0,0
112448,3/11/2022,0,31000.00,9/30/2020,MARIETTA,GA,30066,7,5,3,31000,I,BAD AGENCY,PERM LOCK,1,BPMC,NAP,202306,6.71,25,1137.89,1162.89,2586.21,3,44835,0,0,0,0,0,0,0
112550,6/15/2022,0,5000.00,10/7/2020,JACKSONVILLE,FL,32209,7,7,5,1100,I,BAD AGENCY,PERM LOCK,1,BPMC,NAP,202210,77.669,251.27,0,251.27,276.79,3,44835,0,0,0,0,0,0,0
112696,6/29/2023,0,12500.00,10/20/2020,MONROE,GA,30655,7,15,10,12000,Z,UNLOCKED,UNLOCKED,0,FMMC,NAL MC,202210,1811.332,5764.88,14.19,5779.07,5592.23,2,44835,0,0,0,0,0,0,0
114641,3/20/2022,0,3500.00,2/2/2021,JACKSONVILLE,FL,32256,15,14,18,2500,Z,UNLOCKED,UNLOCKED,1,BPMC,NAP,202212,0,0,87.35,87.35,17.35,1,44835,0,359.88,0,0,0,0,0
314467,12/7/2020,0,30000.00,1/9/2019,BOCA RATON,FL,33433,7,7,7,6040,A,Other,PERM LOCK,0,FMMC,NAL MC,202210,2056.553,7536.87,1032.15,8569.02,8099.24,3,44835,0,0,0,0,0,0,0
320066,4/17/2019,0,,7/14/2017,LAKE WORTH,FL,33461,15,14,10,2000,Z,UNLOCKED,UNLOCKED,1,ARMC,NAP,202210,357.399,1208.59,0,1208.59,1221.78,2,44835,62.8,61.1,0,0,0,0,0
113254,8/6/2022,0,5000.00,11/30/2020,ELYRIA,OH,44035,30,14,10,5000,I,BAD AGENCY,PERM LOCK,1,SWMC,NAP,202210,300.18,1145.15,3040.57,4185.72,4518.72,1,44835,0,0,0,0,0,0,0
113262,1/15/2022,0,51000.00,11/30/2020,CHICAGO,IL,60661,30,15,7,26000,I,BAD AGENCY,PERM LOCK,1,FMMC,NAL MC,202301,11.993,49.58,404.14,453.72,9652.68,1,44835,0,2606.25,0,0,0,0,0
115436,6/16/2022,0,4500.00,2/26/2021,CLAYTON,NC,27520,30,15,7,1800,Q,INACTIVE,PERM LOCK,1,FMMC,NAL MC,202210,66.32,266.18,0,266.18,671.37,2,45231,0,0,0,0,0,0,0
115643,8/3/2022,0,6000.00,3/4/2021,AVON PARK,FL,33825,30,15,10,930,A,Other,PERM LOCK,0,FMMC,NAL MC,202210,64.535,212.61,49.39,262,487.96,3,44835,48.38,0,0,0,0,0,0
115876,9/23/2022,0,4000.00,3/10/2021,ST PETERSBURG,FL,33713,30,14,5,12000,Z,UNLOCKED,UNLOCKED,0,BPMC,NAP,202210,32.928,110.67,2956.96,3067.63,1544.06,1,44835,0,0,0,0,0,0,0
112476,4/14/2022,0,4000.00,10/2/2020,MARIETTA,GA,30062,30,14,10,4000,I,BAD AGENCY,PERM LOCK,1,SWMC,NAP,202210,519.709,1657.11,148.85,1805.96,1537.58,1,45231,0,0,0,0,0,0,0
112984,12/8/2021,0,3500.00,11/13/2020,CHATTANOOGA,TN,37416,15,15,18,4000,Z,UNLOCKED,UNLOCKED,1,BPMC,NAP,202210,198.143,683.5,1655.3,2338.8,2035.66,3,45231,2101.29,629.54,0,0,0,0,0
113663,7/18/2022,0,6500.00,12/23/2020,PECULIAR,MO,64078,30,14,10,6500,Z,UNLOCKED,UNLOCKED,1,CSMC,NAP,202210,319.915,1309.7,1271.35,2581.05,4348.78,4,44835,3441.7,0,0,0,0,0,0
114723,3/3/2022,0,3000.00,2/3/2021,HENRICO,VA,23231,30,15,7,3000,Z,UNLOCKED,UNLOCKED,1,FMMC,NAL MC,202210,0,0,15.33,15.33,23.33,1,45231,0,359.88,0,0,0,0,0
116254,5/17/2022,0,4500.00,3/18/2021,NEWARK,NJ,07102,30,14,7,500,Z,UNLOCKED,UNLOCKED,1,BPMC,NAP,202210,56.729,266.63,2403.82,2670.45,4892.48,4,44986,0,0,0,0,0,0,0
116274,1/20/2023,0,6000.00,3/19/2021,BROOKLYN,NY,11234,30,14,10,6000,A,Other,PERM LOCK,1,BPMC,NAP,202210,25.56,90.32,0,90.32,183.05,1,44986,0,0,0,0,0,0,0
118242,3/25/2023,0,24600.00,5/11/2021,NEWARK,NJ,07102,30,14,10,24600,Z,UNLOCKED,UNLOCKED,1,BPMC,NAP,202210,728.934,2997.84,0,2997.84,3327.23,1,44835,0,0,0,0,0,0,0
121399,11/12/2022,0,3500.00,7/14/2021,JACKSONVILLE,FL,32277,15,14,10,500,Z,UNLOCKED,UNLOCKED,0,BPMC,NAP,202211,51.708,181.89,88.5,270.39,50,1,44835,0,0,0,0,0,0,0
121853,10/2/2022,0,3500.00,7/20/2021,BALTIMORE,MD,21229,30,14,18,500,Z,UNLOCKED,UNLOCKED,1,BPMC,NAP,202210,34.13,129.2,629.17,758.37,1039.64,2,44835,0,857.51,0,0,0,0,0
122009,8/23/2022,0,3500.00,7/22/2021,PASCAGOULA,MS,39581,7,7,7,600,Z,UNLOCKED,UNLOCKED,1,FMMC,NAL MC,202210,50.122,159.48,48.14,207.62,681.59,5,44835,0,857.51,0,0,0,0,0
122880,8/28/2022,0,3500.00,8/4/2021,KATY,TX,77494,30,15,7,1280,Z,UNLOCKED,UNLOCKED,1,FMMC,NAL MC,202210,48.87,157.22,0,157.22,300,2,44835,0,213.46,0,0,0,0,0
125356,3/9/2023,0,3000.00,9/10/2021,MARIETTA,GA,30068,15,14,10,1100,Z,UNLOCKED,UNLOCKED,0,BPMC,NAP,202210,27.725,116.44,0,116.44,189.05,1,44986,0,0,0,0,0,0,0
310456,5/30/2019,0,1500.00,12/20/2016,SEMINOLE,TX,79360,7,5,18,400,Z,UNLOCKED,UNLOCKED,1,BPMC,NAP,202210,68.06,226.24,790.4,1016.64,142.27,1,44835,0,0,0,0,0,0,0
116693,6/1/2022,0,3500.00,4/1/2021,CASSELBERRY,FL,32718,30,14,5,900,Z,UNLOCKED,UNLOCKED,1,BPMC,NAP,202210,33.06,131.77,1031.01,1162.78,1702.62,4,44835,1040.28,19.99,0,0,0,0,0
116931,9/15/2022,0,3500.00,4/6/2021,LOS ANGELES,CA,90044,7,7,10,1200,Z,UNLOCKED,UNLOCKED,0,FMMC,NAL MC,202210,0,0,5,5,172.76,1,44835,0,0,0,285,0,0,0
125194,10/5/2022,0,6000.00,9/9/2021,EL PASO,TX,79935,30,14,5,9000,Z,UNLOCKED,UNLOCKED,1,SWMC,NAP,202210,38.06,147.81,802.16,949.97,533.4,4,44986,0,0,0,0,0,0,0
130444,1/17/2023,0,12000.00,11/24/2021,SAN JOSE,CA,95139,30,15,10,12000,Z,UNLOCKED,UNLOCKED,0,FMMC,NAL MC,202210,84.235,537.2,0,537.2,1345.58,5,44835,0,342.8,0,0,0,0,0
136896,4/28/2023,0,1000.00,3/4/2022,FRESNO,CA,93703,30,14,10,500,Z,UNLOCKED,UNLOCKED,1,ARMC,NAP,202210,9,47.68,0,47.68,253.59,2,44835,0,391.52,4,315.91,0,0,0
141244,12/2/2022,0,7500.00,4/30/2022,DORCHESTER CENTER,MA,02124,30,14,10,4000,Z,UNLOCKED,UNLOCKED,1,SWMC,NAP,202210,729.764,3656.41,0,3656.41,3549.18,1,44835,0,0,31,11.38,1669.59,0,0
189587,3/16/2023,FUEL-ONLY PARENT ACCT,0.00,12/9/2020,DESOTO,TX,75115,30,10,7,1500,M,A/R REASON,PERM LOCK,1,Fuelman,Fuelman,202210,149.988,512.08,0,512.08,325.43,1,45231,0,0,222,0,0,0,4554.3
113872,2/24/2022,0,3000.00,1/6/2021,GRIFFIN,GA,30223,30,14,10,500,I,BAD AGENCY,PERM LOCK,1,SWMC,NAP,202212,22.56,57.06,0,57.06,200,1,44835,0,359.88,0,0,0,0,0
115664,11/4/2022,0,8500.00,3/4/2021,PFLUGERVILLE,TX,78660,30,14,3,250,I,BAD AGENCY,PERM LOCK,1,CSMC,NAP,202210,17.09,92.31,0,92.31,261.17,1,44835,0,0,0,0,0,0,0
117447,7/21/2022,0,11500.00,4/20/2021,SAVANNAH,GA,31407,30,14,7,4500,I,BAD AGENCY,PERM LOCK,1,BPMC,NAP,202210,50.121,169.19,1290.25,1459.44,1983.48,1,44835,2435.74,1489.96,0,0,0,0,0
118317,8/11/2022,0,14500.00,5/12/2021,NEW ORLEANS,LA,70119,30,15,10,14500,I,BAD AGENCY,PERM LOCK,0,FMMC,NAL MC,202210,11.94,35,2715.57,2750.57,1754.31,2,44835,0,0,0,0,0,0,0
118521,8/3/2022,0,4000.00,5/15/2021,OTTUMWA,IA,52501,30,14,7,4000,Z,UNLOCKED,UNLOCKED,0,BPMC,NAP,202210,177.116,724.06,627.81,1351.87,931.23,1,44986,0,0,0,0,0,0,0
120582,7/21/2022,0,3500.00,6/29/2021,TAMPA,FL,33602,30,14,18,3500,Z,UNLOCKED,UNLOCKED,1,BPMC,NAP,202210,10.978,37.12,340.78,377.9,487.23,2,44835,0,39.2,0,0,0,0,0
129205,5/6/2023,0,7000.00,11/4/2021,SUN PEAKS,BC,V0E5N0,30,14,18,7000,Z,UNLOCKED,UNLOCKED,0,HSMC,NAP,202210,290.016,1577.35,0,1577.35,2518.5,1,44835,0,5000,0,0,0,0,0
129566,10/17/2022,0,3000.00,11/9/2021,ATLANTIC CITY,NJ,08401,30,14,7,500,Z,UNLOCKED,UNLOCKED,1,BPMC,NAP,202210,0,0,47.93,47.93,7.52,1,44835,0,0,0,0,0,0,0
130093,8/2/2022,0,3500.00,11/17/2021,CHARLOTTE,NC,28216,30,14,5,300,I,BAD AGENCY,PERM LOCK,1,BPMC,NAP,202210,48.164,175.58,324.09,499.67,300,1,44835,0,342.8,0,0,0,0,0
132877,10/22/2022,0,11000.00,1/8/2022,FLINT,MI,48503,15,10,3,6600,Z,UNLOCKED,UNLOCKED,0,FMMC,NAL MC,202210,0,0,3000,3000,3000,1,44986,0,2700.56,0,0,0,0,0
136242,6/2/2023,0,8500.00,2/24/2022,GREENWOOD,IN,46143,30,14,5,5000,Z,UNLOCKED,UNLOCKED,1,SWMC,NAP,202210,1734.524,6586.86,0,6586.86,9566.45,5,44835,0,3333.37,0,0,0,0,0
143285,12/9/2022,0,3000.00,6/6/2022,OPA LOCKA,FL,33055,30,14,5,3000,Z,UNLOCKED,UNLOCKED,1,BPMC,NAP,202210,113.63,379.28,0,379.28,639.7,3,44835,0,0,31,11.38,1669.59,0,0
143586,2/14/2023,0,1200.00,6/9/2022,WEST WARWICK,RI,02893,30,15,18,350,Z,UNLOCKED,UNLOCKED,1,FMMC,NAL MC,202210,94.227,321.12,0,321.12,398.99,1,44835,0,0,31,11.38,1669.59,0,0
183921,8/25/2021,FUEL-ONLY PARENT ACCT,0.00,9/5/2019,ORLANDO,FL,32824,14,10,10,1870,M,COLLECT,PERM LOCK,0,Fuelman,Fuelman,202210,358.462,1472.87,0,1472.87,1442.3,2,45231,0,0,222,0,0,0,4554.3
115890,5/23/2022,0,3500.00,3/10/2021,NAPLES,FL,34120,30,14,7,1200,Z,UNLOCKED,UNLOCKED,1,BPMC,NAP,202210,680.102,2321.79,0,2321.79,1835.46,1,44835,0,0,0,0,0,0,0
116205,8/8/2022,0,3000.00,3/17/2021,MARIETTA,GA,30064,30,21,5,7500,I,BAD AGENCY,PERM LOCK,1,BPMC,NAP,202210,46.771,166.55,4175.53,4342.08,2955.4,4,44835,0,0,0,0,0,0,0
116539,6/17/2022,0,3000.00,3/26/2021,PEORIA,AZ,85382,30,14,3,3500,I,BAD AGENCY,PERM LOCK,1,BPMC,NAP,202210,31.15,152.63,3032.19,3184.82,1500,1,44835,0,0,0,0,0,0,0
118059,10/6/2022,0,5500.00,5/6/2021,ARLINGTON,VA,22206,30,14,5,700,G,OVERDUE,PERM LOCK,1,BPMC,NAP,202210,73.78,260.47,864.45,1124.92,1813.13,2,44835,670.46,0,26,0,5391.54,0,0
124179,7/20/2022,0,20000.00,8/25/2021,GLEN BURINE,MD,21061,7,5,18,20000,Z,UNLOCKED,UNLOCKED,1,BPMC,NAP,202210,30.55,126.93,0,126.93,189.16,2,44835,0,0,0,0,0,0,0
126634,12/30/2022,0,14500.00,9/29/2021,VERNAL,UT,84078,7,7,10,14000,Z,UNLOCKED,UNLOCKED,0,FMMC,NAL MC,202210,2143.834,10803.93,0,10803.93,12968.97,5,44986,624.17,66.74,0,0,0,0,0
128206,1/18/2023,0,20000.00,10/21/2021,EDGEWOOD,MD,21040,7,7,3,20000,I,BAD AGENCY,PERM LOCK,0,FMMC,NAL MC,202210,85.28,348.6,43.8,392.4,458.45,3,44835,0,0,88,0,0,12326.21,0
129076,8/15/2022,0,26000.00,11/3/2021,MARINGOUIN,LA,70757,30,14,18,51000,I,BAD AGENCY,PERM LOCK,1,BPMC,NAP,202210,3.496,13.39,2547.25,2560.64,500,1,44835,0,5000,0,0,0,0,0
132023,7/27/2022,0,8000.00,12/18/2021,GREENVILLE,SC,29615,30,14,7,9600,B,Fraud / Suspicious Activity,PERM LOCK,1,BPMC,NAP,202210,0,0,675.05,675.05,2758.75,4,44835,0,2700.56,0,0,0,0,0
133120,4/23/2023,0,3600.00,1/12/2022,FORT JENNINGS,OH,45844,7,25,3,2700,Z,UNLOCKED,UNLOCKED,1,SWMC,NAP,202210,592.55,2842.48,0,2842.48,3098.86,4,44835,0,2700.56,0,0,0,0,0
133748,9/19/2022,0,6000.00,1/22/2022,SARASOTA,FL,34231,30,14,7,1000,I,BAD AGENCY,PERM LOCK,1,BPMC,NAP,202210,11.114,40,855.48,895.48,1812.48,2,44835,0,191.41,0,0,0,0,0
136020,6/21/2023,0,7500.00,2/19/2022,COSHOCTON,OH,43812,30,14,10,7500,Z,UNLOCKED,UNLOCKED,1,SWMC,NAP,202210,523.59,1999.89,0,1999.89,1550.13,1,44835,0,1503.5,0,0,0.03,0,0
136133,10/25/2022,0,10000.00,2/20/2022,WHITE OAK,TX,75693,30,14,3,3100,Z,UNLOCKED,UNLOCKED,1,SWMC,NAP,202210,0,0,3134.83,3134.83,3269.66,3,44835,0,269.75,3,3000,0,0,0
137507,10/15/2023,0,3000.00,3/12/2022,ROSEVILLE,MI,48066,30,14,10,3000,Z,UNLOCKED,UNLOCKED,1,SWMC,NAP,202210,104.211,439.45,0,439.45,398.64,1,44835,0,0,0,0,0,0,0
139095,6/17/2023,0,5500.00,3/31/2022,BIRMINGHAM,AL,35215,30,14,10,3000,Z,UNLOCKED,UNLOCKED,0,BPMC,NAP,202210,418.267,1410.93,0,1410.93,1300,3,44835,0,0,0,0,0,0,0
179721,8/21/2021,FUEL-ONLY PARENT ACCT,0.00,9/24/2018,TULARE,CA,93274,7,10,3,4000,M,NSF,TEMP LOCK,1,Fuelman,Fuelman,202210,134.936,780.16,0,780.16,40,1,45231,0,0,222,0,0,0,4554.3
181724,7/26/2021,FUEL-ONLY PARENT ACCT,0.00,3/20/2019,LYTLE,TX,78052,7,7,3,11000,M,COLLECT,PERM LOCK,1,Fuelman,Fuelman,202210,985.144,4450.85,0,4450.85,3495.57,4,45231,0,0,222,0,0,0,4554.3
128543,12/20/2022,0,3600.00,10/27/2021,CHARLOTTE,NC,28227,30,15,3,3600,I,BAD AGENCY,PERM LOCK,1,FMMC,NAL MC,202210,41.583,146.7,557.14,703.84,109.34,2,44835,0,0,126,0,60,35.97,4868.16
130045,9/2/2022,0,3500.00,11/17/2021,RIVERVIEW,FL,33578,30,15,18,3500,Z,UNLOCKED,UNLOCKED,1,FMMC,NAL MC,202210,29.79,98.22,0,98.22,405.05,2,44986,0,342.8,0,0,0,0,0
130379,10/25/2022,0,8500.00,11/22/2021,LAND O LAKES,FL,34639,30,15,7,8500,I,BAD AGENCY,PERM LOCK,1,FMMC,NAL MC,202210,223.705,710.43,216.34,926.77,1304.74,2,44835,0,342.8,0,0,0,0,0
130811,1/27/2023,0,4000.00,12/2/2021,GRIFFITH,IN,46319,7,5,7,4000,Z,UNLOCKED,UNLOCKED,1,BPMC,NAP,202212,155.24,740,0,740,733.01,1,44835,0,342.8,0,0,0,0,0
133360,12/9/2022,0,4000.00,1/15/2022,TALLAHASSEE,FL,32301,30,15,10,4000,Z,UNLOCKED,UNLOCKED,1,FMMC,NAL MC,202210,962.843,3234.96,0,3234.96,2176.25,4,44835,0,2800.32,0,0,0,0,0
138019,11/22/2022,0,3500.00,3/18/2022,FIFE,WA,98424,30,15,5,3000,Z,UNLOCKED,UNLOCKED,1,FMMC,NAL MC,202210,114.903,560.72,0,560.72,1221.02,2,44835,0,0,0,0,0,0,0
138357,12/20/2022,0,3000.00,3/23/2022,CARLISLE,SC,29031,7,7,3,1200,Z,UNLOCKED,UNLOCKED,1,FMMC,NAL MC,202210,282.753,984.11,0,984.11,883.52,3,44835,0,0,0,0,0,0,0
138431,11/15/2022,0,3000.00,3/24/2022,PFLUGERVILLE,TX,78660,30,14,18,3000,Z,UNLOCKED,UNLOCKED,1,BPMC,NAP,202211,139.009,419.38,617.22,1036.6,15.01,1,44835,0,0,0,0,0,0,0
142700,11/11/2022,0,3500.00,5/25/2022,JAMAICA,NY,11433,30,14,18,400,Z,UNLOCKED,UNLOCKED,1,BPMC,NAP,202210,35.16,116.77,0,116.77,301.15,3,44835,0,0,31,11.38,1669.59,0,0
267165,2/17/2020,0,12500.00,2/16/2019,TWINSBURG,OH,44087,30,14,10,11200,S,S-LOCK,TEMP LOCK,0,SWMC,NAP,202210,797.465,3014.61,60.19,3074.8,3557.99,1,44835,3944.56,0,0,0,0,0,0
267391,3/2/2022,0,25000.00,7/16/2019,RALEIGH,NC,27612,30,14,3,20000,Q,INACTIVE,PERM LOCK,1,BPMC,NAP,202210,1148.927,4094.85,4162.94,8257.79,6000,1,44835,3944.56,0,0,0,0,0,0
114045,4/30/2022,0,6000.00,1/9/2021,LYNCHBURG,SC,29080,30,14,3,6000,I,BAD AGENCY,PERM LOCK,1,BPMC,NAP,202210,4945.471,24448.35,1644.19,26092.54,27550,18,44835,0,359.88,0,0,0,0,0
114612,6/3/2022,0,4000.00,2/2/2021,HALLANDALE,FL,33009,30,14,7,2100,I,BAD AGENCY,PERM LOCK,1,BPMC,NAP,202210,150.519,512.46,450.22,962.68,469.38,1,44835,0,359.88,0,0,0,0,0
115480,7/23/2022,0,11000.00,2/28/2021,TUSTIN,CA,92780,15,15,5,5950,Z,UNLOCKED,UNLOCKED,1,ARMC,NAP,202210,296.177,1660.94,463.37,2124.31,1684.85,1,45231,0,2010.52,0,0,0,0,0
115815,6/2/2022,0,16000.00,3/9/2021,APPLE VALLEY,CA,92307,30,14,5,16000,Z,UNLOCKED,UNLOCKED,1,ARMC,NAP,202210,0,0,817.24,817.24,4400.16,1,44835,0,0,0,0,0,0,0
116749,5/29/2022,0,7500.00,4/2/2021,CHICAGO,IL,60615,30,14,7,7500,I,BAD AGENCY,PERM LOCK,1,BPMC,NAP,202211,0,0,41.78,41.78,51.49,1,44986,0,50.45,36,1788.57,2898.08,0,0
117012,4/27/2022,0,5000.00,4/8/2021,GRAND JUNCTION,CO,81506,30,15,10,5000,Z,UNLOCKED,UNLOCKED,1,FMMC,NAL MC,202210,396.934,1792.23,0,1792.23,2681.06,2,44835,0,576.55,2,1087.91,0,0,0
117063,6/12/2022,0,3500.00,4/8/2021,SIMPSONVILLE,SC,29681,30,14,7,3500,I,BAD AGENCY,PERM LOCK,1,BPMC,NAP,202210,10.73,43.29,2300.24,2343.53,3304.79,2,44835,0,0,0,0,0,0,0
117676,9/26/2022,0,3500.00,4/24/2021,FORT MILL,SC,29707,30,14,18,3500,I,BAD AGENCY,PERM LOCK,1,BPMC,NAP,202210,134.763,510.93,1419.43,1930.36,797.72,2,44835,0,0,0,0,0,0,0
118625,10/21/2022,0,37500.00,5/19/2021,BREA,CA,92821,30,14,7,37500,Z,UNLOCKED,UNLOCKED,1,ARMC,NAP,202210,1116.961,7014.86,241.79,7256.65,10548.79,1,44835,0,3484.85,0,0,0,0,0
119395,8/8/2022,0,6500.00,6/5/2021,FORT WAYNE,IN,46835,30,14,5,3300,G,OVERDUE,PERM LOCK,0,BPMC,NAP,202301,37.168,135,4497.98,4632.98,3687.24,1,44986,480.51,217.08,0,0,0,0,0
122933,7/6/2022,0,3500.00,8/5/2021,EAST NORRITON,PA,19401,7,7,10,3500,I,BAD AGENCY,PERM LOCK,1,SWMC,NAP,202210,13.55,50.53,0,50.53,125.53,2,44835,0,0,35,564.6,4346.43,0,0
129223,7/21/2022,0,3500.00,11/4/2021,HYATTSVILLE,MD,20785,30,14,18,200,Z,UNLOCKED,UNLOCKED,1,BPMC,NAP,202210,0,0,365.12,365.12,476.19,3,44835,0,5000,0,0,0,0,0
129492,9/19/2022,0,26000.00,11/6/2021,HYDE PARK,NY,12538,7,7,3,26000,I,BAD AGENCY,PERM LOCK,0,BPMC,NAP,202210,0,0,4320.58,4320.58,6404.51,4,44835,0,0,0,0,0,0,0
129589,9/23/2022,0,7500.00,11/10/2021,TAMPA,FL,33605,15,14,7,2350,Z,UNLOCKED,UNLOCKED,1,BPMC,NAP,202210,0,0,54.76,54.76,209.68,2,44835,0,0,27,0,9.57,0,0
135668,4/25/2023,0,3000.00,2/16/2022,PLYMOUTH,WI,53073,30,14,10,2260,Z,UNLOCKED,UNLOCKED,1,BPMC,NAP,202210,375.89,1459.42,0,1459.42,1757.21,3,44835,0,962.04,0,0,0,0,0
141438,8/25/2023,0,1200.00,5/4/2022,HENDERSONVILLE,TN,37075,7,5,5,600,Z,UNLOCKED,UNLOCKED,0,BPMC,NAP,202210,65.477,217.76,0,217.76,112.18,1,44835,0,0,31,11.38,1669.59,0,0
116152,5/24/2022,0,15000.00,3/16/2021,NEW CASTLE,PA,16101,30,14,10,15000,Z,UNLOCKED,UNLOCKED,1,BPMC,NAP,202210,188.895,726.95,3975.62,4702.57,5445.85,1,44835,0,0,0,0,0,0,0
117218,7/11/2022,0,6500.00,4/13/2021,HALLANDALE BEACH,FL,33009,30,14,7,4000,G,OVERDUE,PERM LOCK,0,BPMC,NAP,202210,21.72,91.46,0,91.46,731.01,1,44986,0,0,171,0,0,0,4856.21
117255,4/25/2023,0,3000.00,4/14/2021,SAINT PAUL,MN,55106,30,14,7,1200,Z,UNLOCKED,UNLOCKED,1,BPMC,NAP,202210,143.069,474.42,0,474.42,603.78,1,44835,453.49,100.04,0,0,0,0,0
117887,2/11/2023,0,5000.00,4/30/2021,LITTLE ROCK,AR,72204,30,15,3,1000,Q,INACTIVE,PERM LOCK,1,FMMC,NAL MC,202210,852.246,3378.8,13.57,3392.37,3815.36,11,44986,0,0,31,6.79,222.31,0,0
118075,12/3/2022,0,5500.00,5/6/2021,PFLUGERVILLE,TX,78660,15,14,5,5040,Z,UNLOCKED,UNLOCKED,1,FMMC,NAL MC,202210,1188.453,5295.16,0,5295.16,5504.38,4,44835,0,0,0,0,0,0,0
118249,8/11/2022,0,3500.00,5/11/2021,NORCROSS,GA,30071,30,14,10,3500,Q,INACTIVE,PERM LOCK,1,BPMC,NAP,202210,26.2,81.5,15,96.5,152.01,1,44835,0,0,0,0,0,0,0
121643,8/25/2022,0,3500.00,7/16/2021,SAN LEANDRO,CA,94577,15,10,18,2100,Z,UNLOCKED,UNLOCKED,1,FMMC,NAL MC,202210,0,0,712.9,712.9,824.9,1,44835,16,0,0,0,0,0,0
123441,7/30/2022,0,3500.00,8/12/2021,SOUTH HOLLAND,IL,60473,30,14,5,5000,I,BAD AGENCY,PERM LOCK,1,BPMC,NAP,202210,0,0,155.48,155.48,47.99,2,44835,0,55.11,0,0,0,0,0
127460,11/17/2022,0,3500.00,10/9/2021,ROSEDALE,NY,11422,30,14,5,1100,P,PAYMENT PLAN,PERM LOCK,0,BPMC,NAP,202210,30.68,112.59,222.53,335.12,132.74,1,44835,624.17,66.74,0,0,0,0,0
132060,3/5/2023,0,3000.00,12/21/2021,TAMPA,FL,33618,30,14,7,500,A,Other,PERM LOCK,1,BPMC,NAP,202212,76.05,224.5,0,224.5,175,2,45231,0,2700.56,0,0,0,0,0
135715,11/4/2022,0,3500.00,2/16/2022,MELBOURNE,FL,32901,30,15,3,250,Z,UNLOCKED,UNLOCKED,1,FMMC,NAL MC,202210,23.045,80,0,80,258.89,1,44835,0,0,0,0,0,0,0
143744,3/15/2023,0,1000.00,6/14/2022,DYER,IN,46311,30,14,10,500,Z,UNLOCKED,UNLOCKED,1,SWMC,NAP,202210,113.37,569.09,0,569.09,425.75,2,45231,0,0,31,11.38,1669.59,0,0
112609,4/1/2022,0,3500.00,10/13/2020,INDIANAPOLIS,IN,46216,30,14,18,3500,Z,UNLOCKED,UNLOCKED,1,BPMC,NAP,202304,0,0,189,189,197.11,1,44835,0,0,0,0,0,0,0
114580,3/5/2022,0,3500.00,1/30/2021,COUNTRY CLUB HILLS,IL,60478,30,14,7,3500,I,BAD AGENCY,PERM LOCK,1,BPMC,NAP,202210,0,0,564.19,564.19,1118.85,2,45231,0,359.88,0,0,0,0,0
116104,8/17/2022,0,3500.00,3/16/2021,GARY,IN,46404,15,10,3,600,N,NSF,TEMP LOCK,0,FMMC,NAL MC,202210,0,0,47.1,47.1,841.68,1,44835,0,0,0,0,0,0,0
116936,4/27/2022,0,7500.00,4/6/2021,MATTESON,IL,60443,30,15,3,1500,Z,UNLOCKED,UNLOCKED,0,FMMC,NAL MC,202210,61.744,273.86,764.31,1038.17,290.43,2,44835,0,0,0,0,0,0,0
117631,9/13/2022,0,4000.00,4/23/2021,UNION,NJ,07083,30,14,18,400,Z,UNLOCKED,UNLOCKED,1,BPMC,NAP,202210,0,0,956.51,956.51,391.53,1,44835,0,0,0,0,0,0,0
118709,8/13/2022,0,3500.00,5/20/2021,BALTIMORE,MD,21239,7,7,3,3500,I,BAD AGENCY,PERM LOCK,1,BPMC,NAP,202210,143.007,705.37,72.92,778.29,1123.29,4,44835,0,0,110,0,0,6.6,1115.74
119485,8/2/2022,0,4000.00,6/8/2021,GOOSE CREEK,SC,29445,30,14,7,4000,I,BAD AGENCY,PERM LOCK,1,BPMC,NAP,202210,60.433,203.57,0,203.57,1409.36,2,44835,0,80.63,0,0,0,0,0
123733,10/22/2022,0,7000.00,8/18/2021,MERRIMACK,NH,03054,30,15,7,7000,B,Fraud / Suspicious Activity,PERM LOCK,0,FMMC,NAL MC,202210,0,0,6499,6499,4329,3,44835,0,55.11,0,0,0,0,0
126067,11/12/2022,0,3500.00,9/21/2021,OAK HILLS,CA,92344,30,15,3,600,A,Other,PERM LOCK,1,FMMC,NAL MC,202210,26.819,150.57,0,150.57,188.84,1,44835,0,0,0,0,0,0,0
127118,8/24/2022,0,3500.00,10/6/2021,CHICAGO,IL,60619,30,15,3,3500,I,BAD AGENCY,PERM LOCK,1,FMMC,NAL MC,202210,95.332,532.68,1334.56,1867.24,2557.22,2,44835,624.17,66.74,0,0,0,0,0
129206,12/20/2022,0,5500.00,11/4/2021,KITCHENER,ON,N2H 0C3,7,7,5,5500,Z,UNLOCKED,UNLOCKED,0,HSMC,NAP,202210,695.619,3897.44,198.1,4095.54,7335.17,7,44835,0,5000,0,0,0,0,0
132485,3/1/2023,0,1400.00,12/31/2021,CITRA,FL,32113,30,14,7,1400,Z,UNLOCKED,UNLOCKED,1,BPMC,NAP,202210,275.69,955.7,0,955.7,1155.25,2,44835,0,2700.56,0,0,0,0,0
135196,11/29/2022,0,3500.00,2/10/2022,HINESVILLE,GA,31313,30,14,5,2500,Z,UNLOCKED,UNLOCKED,1,BPMC,NAP,202212,0,0,1095.8,1095.8,135.84,1,44835,0,191.41,0,0,0,0,0
137148,6/1/2023,0,3000.00,3/9/2022,WORTHINGTON,OH,43085,7,7,10,600,Z,UNLOCKED,UNLOCKED,0,BPMC,NAP,202210,188.22,742.91,0,742.91,1706.34,2,44835,342.09,103.68,0,0,0,0,0
138188,11/23/2022,0,3500.00,3/22/2022,MT PLEASANT,SC,29466,7,5,7,1650,Z,UNLOCKED,UNLOCKED,1,BPMC,NAP,202210,143.77,569.91,0,569.91,372.2,2,44835,0,0,0,0,0,0,0
138425,7/19/2023,0,11000.00,3/23/2022,STOCKTON,CA,95204,15,14,10,11000,Z,UNLOCKED,UNLOCKED,1,ARMC,NAP,202210,2596.275,13841.27,0,13841.27,18065.38,6,44835,0,0,0,0,0,0,0
139613,3/2/2023,0,3000.00,4/6/2022,RIVERVIEW,FL,33578,30,7,5,3000,I,BAD AGENCY,PERM LOCK,1,FMMC,NAL MC,202210,357.935,1217.05,0,1217.05,1781.25,1,44835,1580.02,141.5,20,0,146.6,0,0
142350,12/9/2022,0,1000.00,5/19/2022,NIAGARA FALLS,NY,14301,30,14,5,500,A,Other,PERM LOCK,1,SWMC,NAP,202211,9.53,32.68,0,32.68,371.79,1,44835,0,0,0,0,0,0,0
214196,5/11/2023,FUEL-ONLY PARENT ACCT,0.00,1/13/2022,LONG BEACH,CA,90813,30,10,10,1100,M,NSF,TEMP LOCK,0,Fuelman,Fuelman,202210,34.198,208.26,0,208.26,87.35,1,45231,0,71.47,0,0,0,0,0
267300,1/8/2020,0,5500.00,7/10/2019,ODESSA,TX,79764,15,13,5,3000,Z,UNLOCKED,UNLOCKED,1,FMMC,NAL MC,202210,76.712,249.3,304.53,553.83,401.75,1,44835,3944.56,0,0,0,0,0,0
274261,10/16/2021,0,7500.00,9/15/2019,COLUMBUS,OH,43206,15,13,18,9000,Z,UNLOCKED,UNLOCKED,0,FMMC,NAL MC,202210,1011.412,3828,0,3828,3268.9,2,44986,3944.56,0,0,0,0,0,0
289354,6/22/2019,0,58500.00,9/18/2013,HUNTERSVILLE,NC,28078,15,14,3,40600,Z,UNLOCKED,UNLOCKED,0,FMMC,NAL MC,202210,7881.477,40217.53,-1.87,40215.66,43056.71,4,44835,0,0,0,0,0,0,0
289592,6/18/2021,0,3500.00,3/7/2020,CLAYTON,NC,27520,30,15,3,200,Z,UNLOCKED,UNLOCKED,1,BPMC,NAP,202210,5.77,20.21,843.96,864.17,742.06,3,44835,0,0,0,0,0,0,0
293843,1/3/2023,0,41500.00,5/18/2017,SEVIERVILLE,TN,37876,30,14,7,41500,Z,UNLOCKED,UNLOCKED,0,BPMC,NAP,202210,1960.311,9160.38,0,9160.38,10174.95,1,44835,0,0,0,0,0,0,0
296389,3/5/2022,0,31500.00,5/1/2020,MORGANZA,LA,70759,30,15,3,31500,I,BAD AGENCY,PERM LOCK,1,FMMC,NAL MC,202210,0,0,18003.65,18003.65,17420.57,2,44835,0,0,0,0,0,0,0
297598,2/10/2020,0,24000.00,1/30/2015,WASHBURN,IL,61570,7,5,3,24000,Z,UNLOCKED,UNLOCKED,0,BPMC,NAP,202210,976.864,4992.87,0,4992.87,5305.73,4,44835,0,0,0,0,0,0,0
297789,4/5/2022,0,13000.00,5/21/2020,BERLIN,NJ,08009,7,7,3,1000,A,Other,PERM LOCK,1,FMMC,NAL MC,202210,3485.9,13256.19,0,13256.19,15181.25,2,44835,0,0,0,0,0,0,0
265047,7/31/2022,0,5500.00,3/6/2019,SMYRNA,GA,30080,30,14,18,6600,Z,UNLOCKED,UNLOCKED,1,BPMC,NAP,202210,172.41,684.13,1182.66,1866.79,1104.92,1,44835,3944.56,0,0,0,0,0,0
270335,12/10/2022,0,18000.00,6/11/2019,SHEFFIELD VILLAGE,OH,44054,7,7,3,18000,Z,UNLOCKED,UNLOCKED,0,FMMC,NAL MC,202210,2840.558,14865.36,0,14865.36,14184.58,4,44835,3944.56,0,0,0,0,0,0
272449,10/22/2018,0,20000.00,3/29/2016,HOUSTON,TX,77033,30,14,5,2500,Z,UNLOCKED,UNLOCKED,1,FMMC,NAL MC,202210,84.091,253.58,73,326.58,973.13,1,44835,3944.56,0,0,0,0,0,0
272483,12/11/2019,0,32200.00,5/12/2016,BLYTHE,GA,30805,7,7,3,32200,Z,UNLOCKED,UNLOCKED,1,FMMC,NAL MC,202210,200.992,868.81,0,868.81,1530.09,3,44835,3944.56,0,0,0,0,0,0
279799,1/21/2020,0,5500.00,9/21/2018,SANDUSKY,OH,44870,7,7,10,3000,Q,INACTIVE,PERM LOCK,1,FMMC,NAL MC,202210,1158.961,4405.51,589.31,4994.82,4476.49,4,44835,3944.56,0,0,0,0,0,0
279999,4/26/2021,0,23000.00,2/26/2020,FORT WORTH,TX,76244,7,7,5,50000,Z,UNLOCKED,UNLOCKED,0,SWMC,NAP,202210,6707.02,32901.33,12119.06,45020.39,32962.78,4,44835,3944.56,0,0,0,0,0,0
284892,2/24/2021,0,7500.00,11/27/2018,GROVETOWN,GA,30813,30,14,7,7500,Z,UNLOCKED,UNLOCKED,0,BPMC,NAP,202210,0,0,1031.11,1031.11,4156.06,2,44835,0,937.31,0,0,0,0,0
285038,3/19/2022,0,45000.00,8/13/2014,PARMA,OH,44129,7,1,3,55000,Z,UNLOCKED,UNLOCKED,0,FMMC,NAL MC,202210,20552.517,113677.31,656.95,114334.26,112427.32,4,44835,0,0,0,0,0,0,0
266873,3/8/2022,0,16500.00,12/11/2019,RINGWOOD,OK,73768,7,7,5,8100,Z,UNLOCKED,UNLOCKED,1,FMMC,NAL MC,202210,161.97,755.61,7727.9,8483.51,11500,3,44835,3944.56,0,0,0,0,0,0
272512,6/19/2023,0,42500.00,7/8/2016,COLUMBUS,GA,31909,7,7,7,42500,Z,UNLOCKED,UNLOCKED,0,FMMC,NAL MC,202210,6210.278,19908.12,0,19908.12,23068.2,4,44835,3944.56,0,0,0,0,0,0
272982,2/17/2022,0,5500.00,1/11/2020,EDEN PRAIRIE,MN,55346,7,7,18,5500,Z,UNLOCKED,UNLOCKED,0,FMMC,NAL MC,202210,81.427,362.72,0,362.72,380.06,3,44835,3944.56,0,0,0,0,0,0
283545,11/18/2019,0,47500.00,12/1/2010,RAHWAY,NJ,07065,7,7,18,29000,Z,UNLOCKED,UNLOCKED,1,BPMC,NAP,202210,879.655,3459.39,0,3459.39,9900.17,1,44835,0,937.31,0,0,0,0,0
269878,9/20/2021,0,10500.00,12/12/2019,BREMEN,IN,46506,7,7,3,10500,H,AGENCY REVIEW,PERM LOCK,1,SWMC,NAP,202210,1579.96,8472.83,755.08,9227.91,8820.17,4,44835,3944.56,0,0,0,0,0,0
272054,5/16/2023,0,51500.00,2/20/2016,TOMAHAWK,WI,54487,30,14,3,51500,Z,UNLOCKED,UNLOCKED,0,BPMC,NAP,202210,550.796,2684.34,0,2684.34,3000,2,44835,3944.56,0,0,0,0,0,0
272971,1/26/2022,0,16000.00,6/6/2020,BROOKLYN,NY,11222,7,7,10,16000,Z,UNLOCKED,UNLOCKED,1,FMMC,NAL MC,202210,3305.102,16930.16,0,16930.16,14659.76,4,44835,3944.56,0,0,0,0,0,0
273282,7/3/2023,0,5500.00,8/31/2019,ALEXANDER CITY,AL,35011,7,7,18,5500,Z,UNLOCKED,UNLOCKED,0,FMMC,NAL MC,202210,491.916,1680.48,0,1680.48,1385.76,4,44835,3944.56,0,0,0,0,0,0
274183,2/3/2022,0,45000.00,9/13/2019,MAGNOLIA,TX,77354,15,13,5,45000,Z,UNLOCKED,UNLOCKED,1,FMMC,NAL MC,202210,3791.56,15201.18,15803.25,31004.43,45603.34,2,44835,3944.56,0,0,0,0,0,0
287191,1/11/2020,0,6000.00,10/31/2017,PORTAGE,IN,46368,15,15,5,6000,Z,UNLOCKED,UNLOCKED,1,SWMC,NAP,202210,201.87,968.43,81.73,1050.16,1347.67,2,44835,0,0,0,0,0,0,0
288657,12/4/2021,0,8500.00,1/28/2020,WEST PALM BEACH,FL,33409,30,14,18,5700,I,BAD AGENCY,PERM LOCK,1,BPMC,NAP,202210,568.258,2165.44,0,2165.44,3561.65,2,44835,0,0,0,0,0,0,0
289920,5/26/2022,0,15500.00,3/8/2019,SYLMAR,CA,91342,15,14,5,15500,Z,UNLOCKED,UNLOCKED,1,ARMC,NAP,202210,2940.812,17707.8,0,17707.8,3209.47,1,44835,0,0,0,0,0,0,0
293433,2/15/2020,0,8400.00,8/26/2015,ELK CITY,OK,73644,7,7,3,8400,A,Other,PERM LOCK,0,FMMC,NAL MC,202210,185.835,635.06,38.77,673.83,1206.85,4,44835,0,0,0,0,0,0,0
184416,7/14/2021,FUEL-ONLY PARENT ACCT,0.00,10/16/2019,SAN ANTONIO,TX,78247,14,10,7,11760,M,COLLECT,PERM LOCK,1,Fuelman,Fuelman,202210,1256.628,4972.39,0,4972.39,5062.22,2,45231,0,0,222,0,0,0,4554.3
213594,7/3/2023,FUEL-ONLY PARENT ACCT,0.00,1/6/2022,MATAWAN,NJ,07747,30,10,10,5200,M,FRAUD,PERM LOCK,0,Fuelman,Fuelman,202210,375.873,1554.27,0,1554.27,2063.5,1,45231,0,258.86,0,0,0,0,0
265115,10/22/2021,0,26000.00,4/4/2019,SAN DIEGO,CA,92120,30,14,7,5000,I,BAD AGENCY,PERM LOCK,1,ARMC,NAP,202210,87.48,542.08,269.49,811.57,1169.02,1,44835,3944.56,0,0,0,0,0,0
271832,5/20/2021,0,30000.00,10/23/2019,CHICAGO,IL,60606,7,14,10,46000,Z,UNLOCKED,UNLOCKED,1,SWMC,NAP,202210,5674.577,29697.6,29.37,29726.97,31694.54,2,44835,3944.56,0,0,0,0,0,0
280427,1/11/2020,0,3500.00,6/12/2012,SACRAMENTO,CA,95827,30,14,18,1000,A,Other,PERM LOCK,1,ARMC,NAP,202210,9.52,57.03,0,57.03,86.98,1,44835,3944.56,0,0,0,0,0,0
265962,12/3/2019,0,6300.00,2/22/2019,OKLAHOMA CITY,OK,73179,15,15,5,8800,Z,UNLOCKED,UNLOCKED,0,FMMC,NAL MC,202210,176.5,655.22,8657.41,9312.63,10141.59,2,44835,3944.56,0,0,0,0,0,0
267041,2/27/2022,0,12500.00,5/14/2019,WATER VIEW,VA,23180,7,7,5,9400,Z,UNLOCKED,UNLOCKED,1,FMMC,NAL MC,202210,2260.094,10615.69,545.4,11161.09,15700,19,44835,3944.56,0,0,0,0,0,0
271704,7/18/2023,0,32500.00,11/5/2015,MISSISSAUGA,ON,L4Z 2E9,30,14,5,32500,Z,UNLOCKED,UNLOCKED,0,HSMC,NAP,202210,2107.647,12172.21,24.06,12196.27,13593.48,1,44835,3944.56,0,0,0,0,0,0
272480,7/19/2022,0,52500.00,5/10/2016,DALTON,GA,30721,7,1,45,65000,Z,UNLOCKED,UNLOCKED,0,FMMC,NAL MC,202210,29095.616,137207.68,0,137207.68,126975.31,4,44835,3944.56,0,0,0,0,0,0
273644,5/27/2019,0,11500.00,4/10/2018,FORT WORTH,TX,76136,15,15,5,12000,Z,UNLOCKED,UNLOCKED,1,FMMC,NAL MC,202210,2733.722,8970.84,11302.43,20273.27,21057.61,4,44835,3944.56,0,0,0,0,0,0
279792,1/16/2022,0,3500.00,9/19/2018,WARRENSVILLE HEIGHTS,OH,44128,7,7,3,3500,Q,INACTIVE,PERM LOCK,1,FMMC,NAL MC,202211,5.62,19.83,0,19.83,10,1,44835,3944.56,0,0,0,0,0,0
272452,5/11/2019,0,28000.00,4/3/2016,SAINT LOUIS,MO,63134,7,7,3,35000,Z,UNLOCKED,UNLOCKED,1,FMMC,NAL MC,202210,7673.318,39091.71,7804.76,46896.47,43349.75,5,44835,3944.56,0,0,0,0,0,0
273384,3/20/2023,0,14500.00,9/7/2019,ROCHESTER,NY,14622,15,15,10,14500,Z,UNLOCKED,UNLOCKED,0,SWMC,NAP,202210,807.137,2893.48,0,2893.48,3347.29,2,44835,3944.56,0,0,0,0,0,0
280740,3/15/2021,0,600.00,2/28/2020,SAN ANTONIO,TX,78217,30,14,5,200,G,OVERDUE,PERM LOCK,1,BPMC,NAP,202210,8.596,35.25,0,35.25,387.7,1,44835,3944.56,0,0,0,0,0,0
281446,9/22/2021,0,14500.00,12/4/2018,OKLAHOMA CITY,OK,73173,7,1,10,16200,A,Other,PERM LOCK,0,FMMC,NAL MC,202210,82.804,362.96,9245.31,9608.27,9445.83,4,44835,0,0,159,0,0,12,36
281617,5/23/2019,0,3500.00,5/6/2011,ESCONDIDO,CA,92026,30,7,10,10000,Z,UNLOCKED,UNLOCKED,1,ARMC,NAP,202210,64.79,401.74,915.04,1316.78,4996,1,44835,0,8155.68,0,0,0,0,0
282030,10/19/2022,0,13000.00,1/16/2019,DAWSON CREEK,BC,V1G2Y3,30,14,5,15600,Z,UNLOCKED,UNLOCKED,1,HSMC,NAP,202210,1275.277,6941.97,330.82,7272.79,9000,3,44835,0,8155.68,0,0,0,0,0
289858,8/3/2022,0,22000.00,2/8/2019,RANCHO CUCAMONGA,CA,91730,30,14,10,27500,Z,UNLOCKED,UNLOCKED,0,ARMC,NAP,202210,1295.889,7289.58,275.68,7565.26,7847.38,1,44835,0,0,0,0,0,0,0
304575,1/26/2022,0,4000.00,8/2/2019,LENOIR,NC,28645,30,15,10,1500,Z,UNLOCKED,UNLOCKED,0,FMMC,NAL MC,202210,16.941,55.54,71.62,127.16,356.26,2,44835,0,0,0,0,0,0,0
304894,9/29/2022,0,10000.00,12/30/2017,PERRIS,CA,92570,7,5,3,10000,Z,UNLOCKED,UNLOCKED,1,ARMC,NAP,202210,187.5,1050.56,85.4,1135.96,1144.63,5,44835,0,0,0,0,0,0,0
309863,1/6/2020,0,1500.00,5/23/2019,DUNCAN,SC,29334,30,15,18,7500,I,BAD AGENCY,PERM LOCK,1,FMMC,NAL MC,202210,0,0,110.55,110.55,500,1,44835,0,0,0,0,0,0,0
310012,9/23/2019,0,,8/29/2015,SAN ANTONIO,TX,78231,7,1,3,107500,Z,UNLOCKED,UNLOCKED,0,FMMC,NAL MC,202210,1345.11,5783.03,0,5783.03,5152.15,4,44835,0,0,0,0,0,0,0
310036,12/9/2019,0,44500.00,11/20/2015,SALT LAKE CITY,UT,84104,7,1,3,30500,A,Other,PERM LOCK,0,FMMC,NAL MC,202210,0,0,5.38,5.38,61.35,1,44835,0,0,0,0,0,0,0
311189,1/20/2022,0,3500.00,3/13/2018,POWAY,CA,92064,30,14,10,3500,Z,UNLOCKED,UNLOCKED,1,ARMC,NAP,202210,35.13,218.92,0,218.92,191.86,1,44835,0,0,0,0,0,0,0
312773,8/26/2021,0,4000.00,8/15/2019,SAN JOSE,CA,95118,7,7,10,1500,I,BAD AGENCY,PERM LOCK,0,FMMC,NAL MC,202210,188.693,1092.39,0,1092.39,1592.3,3,44835,0,0,0,0,0,0,0
288333,7/21/2021,0,27500.00,4/4/2018,SAINT ALBANS,NY,11412,7,5,7,27500,Z,UNLOCKED,UNLOCKED,1,BPMC,NAP,202210,1547.628,5493.15,162.91,5656.06,6598.05,5,44835,0,0,0,0,0,0,0
289340,6/7/2019,0,8500.00,6/29/2013,VISTA,CA,92083,7,1,3,8500,Z,UNLOCKED,UNLOCKED,0,FMMC,NAL MC,202210,1275.412,5848.01,0,5848.01,4281.4,4,44835,0,0,0,0,0,0,0
294498,1/23/2020,0,22500.00,6/23/2017,LAWRENCEVILLE,GA,30044,7,7,3,11250,Z,UNLOCKED,UNLOCKED,1,FMMC,NAL MC,202210,265.05,1270.21,2423,3693.21,3841.81,2,44835,0,0,0,0,0,0,0
295684,8/27/2021,0,11000.00,2/12/2020,SAN ANTONIO,TX,78228,15,13,3,3960,I,BAD AGENCY,PERM LOCK,1,FMMC,NAL MC,202210,204.621,897.97,3326.42,4224.39,4128.42,2,44835,0,0,0,0,0,0,0
303344,10/27/2022,0,4000.00,4/23/2019,LUBBOCK,TX,79413,30,15,5,1000,Z,UNLOCKED,UNLOCKED,1,FMMC,NAL MC,202210,0,0,246.76,246.76,873.94,1,44835,0,0,0,0,0,0,0
308898,5/1/2023,0,17500.00,8/1/2018,KAMLOOPS,BC,V2H1C5,7,7,7,17500,Z,UNLOCKED,UNLOCKED,1,HSMC,NAP,202210,2465.002,13419.68,3.34,13423.02,15115.47,4,44835,0,0,0,0,0,0,0
309374,11/2/2021,0,4000.00,9/27/2019,SOMERSET,MA,02726,30,15,10,5600,P,PAYMENT PLAN,PERM LOCK,1,SWMC,NAP,202211,0,0,984.67,984.67,1775,1,44835,0,0,0,0,0,0,0
309980,2/15/2019,0,,6/13/2015,DALLAS,GA,30132,7,1,3,2500,Z,UNLOCKED,UNLOCKED,1,FMMC,NAL MC,202210,23.241,69,0,69,114,2,44835,0,0,0,0,0,0,0
311440,4/25/2019,0,,10/4/2016,NORTH POLE,AK,99705,7,7,3,20000,A,Other,PERM LOCK,1,FMMC,NAL MC,202210,842.063,4722.4,0,4722.4,2216.87,3,44835,0,0,0,0,0,0,0
311646,2/21/2023,0,97500.00,8/13/2016,WEEPING WATER,NE,68463,7,7,18,67500,Z,UNLOCKED,UNLOCKED,0,BPMC,NAP,202210,4744.732,23261.19,0,23261.19,28092.82,5,44835,0,0,0,0,0,0,0
293852,12/28/2021,0,4000.00,4/14/2020,KISSIMMEE,FL,34746,30,14,3,8000,I,BAD AGENCY,PERM LOCK,1,SWMC,NAP,202304,19.968,79.73,11531.39,11611.12,4396.59,1,44835,0,0,0,0,0,0,0
294693,12/2/2020,0,37500.00,7/11/2018,SIBLEY,LA,71073,15,10,5,37500,A,Other,PERM LOCK,0,FMMC,NAL MC,202210,2483.363,10730.95,3780.09,14511.04,14754.31,2,44835,0,0,0,0,0,0,0
297930,10/22/2021,0,6000.00,5/22/2020,NEWARK,OH,43056,7,7,5,3300,S,S-LOCK,TEMP LOCK,1,SWMC,NAP,202210,765.325,2875.13,57.65,2932.78,2701.38,2,44835,0,0,0,0,0,0,0
301076,8/17/2022,0,150000.00,12/15/2011,MARYLAND HEIGHTS,MO,63043,15,10,7,103700,Z,UNLOCKED,UNLOCKED,0,FMMC,NAL MC,202210,2074.822,9725.26,635.61,10360.87,7126.05,2,44835,0,0,0,0,0,0,0
303491,3/10/2023,0,8500.00,5/1/2019,BANNING,CA,92220,30,14,10,10000,O,SKIP,PERM LOCK,1,ARMC,NAP,202210,122.306,715.69,0,715.69,2572.75,1,44835,0,0,0,0,0,0,0
309142,3/11/2022,0,42500.00,8/2/2016,GREENSBORO,NC,27406,15,15,10,42500,Z,UNLOCKED,UNLOCKED,0,FMMC,NAL MC,202210,2780.169,11656.55,2761.21,14417.76,17358.79,2,44835,0,0,0,0,0,0,0
296106,2/19/2022,0,5000.00,5/1/2020,MT SINAI,NY,11766,7,7,10,2800,Z,UNLOCKED,UNLOCKED,0,FMMC,NAL MC,202210,89.92,322.73,0,322.73,313.54,1,44835,0,0,0,0,0,0,0
304266,1/8/2020,0,15000.00,6/26/2019,GOODLETTSVILLE,TN,37072,30,15,5,18620,Z,UNLOCKED,UNLOCKED,0,FMMC,NAL MC,202210,856.061,3236.2,4823.69,8059.89,8598.14,1,44835,0,0,0,0,0,0,0
306875,2/22/2020,0,6500.00,1/17/2014,ROCKFORD,IL,61108,7,1,3,8000,Z,UNLOCKED,UNLOCKED,0,FMMC,NAL MC,202210,81.988,417.14,148.07,565.21,563.7,4,44835,0,0,0,0,0,0,0
308588,11/7/2021,0,7500.00,3/7/2019,NORTH HILLS,CA,91343,7,7,3,3530,Z,UNLOCKED,UNLOCKED,1,FMMC,NAL MC,202210,280.272,1646.84,1736.88,3383.72,3279.45,3,44835,0,0,0,0,0,0,0
308902,3/14/2023,0,8500.00,8/4/2018,BRAMPTON,ON,L6R0J1,7,7,5,8500,Z,UNLOCKED,UNLOCKED,0,HSMC,NAP,202210,364.15,2228.11,0,2228.11,3872.01,3,44835,0,0,0,0,0,0,0
309755,6/21/2019,0,,4/30/2016,TROY,MI,48083,7,1,18,25500,Z,UNLOCKED,UNLOCKED,0,FMMC,NAL MC,202210,4737.277,25182.86,10997.96,36180.82,33378.89,4,44835,0,0,0,0,0,0,0
309985,2/25/2022,0,30500.00,6/27/2015,FLORENCE,AL,35630,7,1,3,35500,I,BAD AGENCY,PERM LOCK,0,FMMC,NAL MC,202210,177.929,711.19,97112.57,97823.76,76561.95,4,44835,0,0,0,0,0,0,0
311422,11/20/2019,0,5000.00,8/22/2018,BRISTOL,VA,24201,15,14,5,2500,S,S-LOCK,TEMP LOCK,1,BPMC,NAP,202210,301.845,995.46,0,995.46,667.45,1,44835,0,0,0,0,0,0,0
313789,9/14/2020,0,23000.00,12/4/2018,SUMITON,AL,35148,7,7,3,8400,Z,UNLOCKED,UNLOCKED,0,FMMC,NAL MC,202210,1913.563,6350.57,150.36,6500.93,6629.88,4,44835,1832.15,890.76,0,0,0,0,0
320723,1/14/2022,0,4000.00,8/30/2019,JACKSONVILLE,FL,32210,15,13,3,4000,N,NSF,TEMP LOCK,0,FMMC,NAL MC,202210,173.499,610.63,389.74,1000.37,1273.16,2,44835,62.8,61.1,0,0,0,0,0
280737,10/9/2021,0,3500.00,2/28/2020,WILMINGTON,DE,19806,15,14,5,5000,Z,UNLOCKED,UNLOCKED,1,BPMC,NAP,202210,13.98,51.74,1146.85,1198.59,807.26,2,44835,3944.56,0,0,0,0,0,0
295520,12/19/2022,0,11500.00,9/25/2014,CALGARY,AB,T1Y3L5,30,15,7,8630,Z,UNLOCKED,UNLOCKED,0,HSMC,NAP,202212,27.588,107.06,0.01,107.07,406.81,1,44835,0,0,0,0,0,0,0
296476,4/11/2022,0,8500.00,1/17/2019,HANSEN,ID,83334,7,7,3,2000,N,NSF,TEMP LOCK,1,FMMC,NAL MC,202210,427.73,2287.36,90.98,2378.34,6005.36,1,44986,0,0,0,0,0,0,0
302156,12/18/2019,0,4000.00,8/25/2018,ATLANTA,GA,30303,15,15,5,4000,Z,UNLOCKED,UNLOCKED,1,SWMC,NAP,202210,196.987,666.48,0,666.48,1374.98,1,44835,0,0,0,0,0,0,0
304519,11/6/2021,0,4000.00,7/27/2019,NORWALK,CA,90650,7,5,3,4000,Z,UNLOCKED,UNLOCKED,1,ARMC,NAP,202210,165.84,989.63,915.35,1904.98,1724.59,4,44835,0,0,0,0,0,0,0
294628,1/5/2022,0,29000.00,1/19/2018,SHIRLEY,NY,11967,30,15,10,29000,Z,UNLOCKED,UNLOCKED,1,FMMC,NAL MC,202210,2599.336,12215.58,120.4,12335.98,12483.18,1,44835,0,0,0,0,0,0,0
301372,5/22/2019,0,,6/8/2018,IRVINE,CA,92604,30,14,10,2500,S,S-LOCK,TEMP LOCK,1,ARMC,NAP,202210,129.33,712.56,0,712.56,776.26,1,44835,0,0,0,0,0,0,0
302241,1/11/2020,0,2160.00,10/19/2018,AURORA,NC,27806,7,7,5,4200,Z,UNLOCKED,UNLOCKED,1,SWMC,NAP,202210,1213.951,5702.83,3723.54,9426.37,9488.54,12,44835,0,0,0,0,0,0,0
309977,5/15/2019,0,24000.00,6/10/2015,CEDAR KNOLLS,NJ,07927,7,1,3,40000,Z,UNLOCKED,UNLOCKED,0,FMMC,NAL MC,202210,8995.254,49791.01,637.71,50428.72,42262.91,4,44835,0,0,0,0,0,0,0
312532,1/19/2022,0,17500.00,11/7/2017,LOCKPORT,IL,60441,7,7,7,15000,I,BAD AGENCY,PERM LOCK,1,BPMC,NAP,202210,1045.6,5216.04,7078.59,12294.63,6793.27,1,44835,0,0,0,0,0,0,0
317034,9/30/2019,0,1200.00,3/2/2017,COUNTRY CLUB HILLS,IL,60478,7,7,10,2500,Z,UNLOCKED,UNLOCKED,0,SWMC,NAP,202301,38,150.04,0,150.04,191.93,2,44835,62.8,61.1,0,0,0,0,0
291296,11/9/2023,0,5500.00,12/19/2018,JACKSONVILLE,FL,32256,15,15,7,3000,Z,UNLOCKED,UNLOCKED,1,FMMC,NAL MC,202210,246.292,809.99,0,809.99,1370.19,2,44986,0,0,0,0,0,0,0
294511,2/5/2019,0,,8/3/2017,PUNTA GORDA,FL,33982,7,7,10,17000,Z,UNLOCKED,UNLOCKED,1,FMMC,NAL MC,202210,219.324,813.94,0,813.94,1237.47,3,44835,0,0,0,0,0,0,0
295308,1/12/2022,0,7000.00,5/1/2020,HARTFORD,KY,42347,7,7,18,800,Z,UNLOCKED,UNLOCKED,1,BPMC,NAP,202210,1082.339,3843.76,8,3851.76,4723.39,5,44835,0,0,0,0,0,0,0
295487,3/29/2023,0,14000.00,7/25/2014,EDMONTON,AB,T6B3M3,7,7,5,14000,Z,UNLOCKED,UNLOCKED,1,HSMC,NAP,202210,1921.977,11251.32,0,11251.32,15546.34,5,44835,0,0,0,0,0,0,0
297046,3/31/2023,0,7500.00,5/15/2020,FRENCHTOWN,NJ,08825,30,15,3,3000,Z,UNLOCKED,UNLOCKED,1,BPMC,NAP,202210,119.91,607.9,0,607.9,769.47,4,44835,0,0,0,0,0,0,0
306865,5/19/2021,0,31000.00,7/10/2013,DEXTER,GA,31019,7,1,3,26000,Z,UNLOCKED,UNLOCKED,0,FMMC,NAL MC,202210,5493.956,24142.37,1551.69,25694.06,23180.21,4,44835,0,0,0,0,0,0,0
309946,6/13/2019,0,13000.00,3/22/2015,DARLINGTON,SC,29532,7,1,3,10000,Z,UNLOCKED,UNLOCKED,0,FMMC,NAL MC,202210,6704.383,22195.46,0,22195.46,20341.05,4,44835,0,0,0,0,0,0,0
312596,1/18/2020,0,5500.00,11/23/2017,SMITHFIELD,NC,27577,15,14,10,4200,Z,UNLOCKED,UNLOCKED,0,BPMC,NAP,202210,870.56,3087.35,12.79,3100.14,1681.97,2,44835,0,1628.21,0,0,0,0,0
112379,2/22/2022,0,5000.00,9/24/2020,SHELBYVILLE,TN,37160,7,7,10,5000,Z,UNLOCKED,UNLOCKED,1,FMMC,NAL MC,202210,357.059,1775.83,0,1775.83,1638.43,4,44835,0,0,0,0,0,0,0
112626,1/25/2022,0,3000.00,10/14/2020,SAVANNAH,GA,31406,7,7,3,600,G,OVERDUE,PERM LOCK,0,BPMC,NAP,202210,16.495,58.75,1126.46,1185.21,430,1,44835,0,0,0,0,0,0,0
114665,3/20/2022,0,3000.00,2/2/2021,HOPKINSVILLE,KY,42241,7,7,7,1500,I,BAD AGENCY,PERM LOCK,1,FMMC,NAL MC,202210,25.078,88.75,1126.86,1215.61,1580.57,4,44835,0,359.88,0,0,0,0,0
114770,10/26/2022,0,3500.00,2/4/2021,MACOMB,IL,61455,7,5,3,3500,I,BAD AGENCY,PERM LOCK,1,BPMC,NAP,202210,127.136,529.57,49.78,579.35,456.8,4,44835,0,359.88,0,0,0,0,0
116169,5/25/2022,0,4500.00,3/17/2021,SAN PEDRO,CA,90731,30,15,18,4500,I,BAD AGENCY,PERM LOCK,1,FMMC,NAL MC,202210,0,0,2332.32,2332.32,5045.61,3,44835,0,0,8,4311.01,0,0,0
125470,7/2/2022,0,3500.00,9/14/2021,ALLEN,TX,75013,30,15,7,3500,I,BAD AGENCY,PERM LOCK,1,FMMC,NAL MC,202210,58.63,186.97,3506.53,3693.5,2289.64,1,44835,0,0,0,0,0,0,0
129033,1/31/2023,0,2620.00,11/3/2021,SAN DIEGO,CA,92114,30,14,5,250,Z,UNLOCKED,UNLOCKED,1,ARMC,NAP,202210,67.161,399.72,17.08,416.8,624.81,1,44835,0,5000,0,0,0,0,0
131440,11/7/2022,0,3500.00,12/10/2021,CANTON,MI,48188,7,7,3,3500,A,Other,PERM LOCK,0,FMMC,NAL MC,202210,167.205,691.86,0,691.86,627.42,4,44835,0,342.8,0,0,0,0,0
132067,5/11/2023,0,3000.00,12/22/2021,GRANITE FALLS,NC,28630,30,14,3,500,Z,UNLOCKED,UNLOCKED,1,SWMC,NAP,202210,864.649,3216.59,0,3216.59,2636.31,4,44835,0,2700.56,0,0,0,0,0
112460,1/5/2022,0,3000.00,10/1/2020,ROCKFORD,IL,61107,15,13,7,500,I,BAD AGENCY,PERM LOCK,1,FMMC,NAL MC,202210,0,0,12.25,12.25,2822.27,1,44835,0,0,0,0,0,0,0
112535,2/27/2023,0,6500.00,10/7/2020,LAPLACE,LA,70068,30,15,7,6500,I,BAD AGENCY,PERM LOCK,1,FMMC,NAL MC,202210,596.81,1932.72,0,1932.72,1730.55,1,44835,0,0,0,0,0,0,0
114747,3/20/2022,0,3500.00,2/4/2021,PLANO,TX,75074,30,15,5,3500,G,OVERDUE,PERM LOCK,1,FMMC,NAL MC,202210,0,0,441.5,441.5,1300,1,44835,0,359.88,0,0,0,0,0
115201,6/4/2022,0,4000.00,2/18/2021,PALISADES PARK,NJ,07650,30,14,18,500,A,Other,PERM LOCK,1,BPMC,NAP,202211,0,0,134.75,134.75,158.75,1,44835,0,0,0,0,0,0,0
115283,5/27/2022,0,10000.00,2/20/2021,DETROIT,MI,48206,30,14,7,10000,I,BAD AGENCY,PERM LOCK,1,BPMC,NAP,202210,314.58,1330.16,504.14,1834.3,1661.64,2,44835,0,1593.19,5,1805.9,0,0,0
115582,5/3/2022,0,5500.00,3/3/2021,WILMINGTON,DE,19802,30,15,7,4025,H,AGENCY REVIEW,PERM LOCK,1,FMMC,NAL MC,202210,268.88,990.25,125.81,1116.06,1332.05,2,44835,0,0,0,0,0,0,0
115681,5/17/2022,0,3000.00,3/4/2021,SMYRNA,GA,30082,30,14,18,150,Z,UNLOCKED,UNLOCKED,1,BPMC,NAP,202210,19.994,72.56,2366.41,2438.97,644.08,2,44835,0,0,0,0,0,0,0
114426,5/16/2022,0,18000.00,1/26/2021,ANN ARBOR,MI,48104,30,15,3,18000,Z,UNLOCKED,UNLOCKED,0,FMMC,NAL MC,202210,73.55,295,88,383,558.29,1,44835,0,359.88,0,0,0,0,0
114844,4/8/2022,0,3500.00,2/6/2021,WHITE PINE,TN,37890,7,7,5,1230,Z,UNLOCKED,UNLOCKED,1,SWMC,NAP,202210,290.337,1149.07,276.04,1425.11,1589.21,4,44835,0,359.88,0,0,0,0,0
115534,6/19/2022,0,3500.00,3/2/2021,RANCHO MIRAGE,CA,92270,30,15,18,3500,A,Other,PERM LOCK,1,FMMC,NAL MC,202210,16.97,113.74,6.99,120.73,113.32,3,44835,0,67.22,0,0,0,0,0
117000,6/17/2022,0,3500.00,4/7/2021,EUCLID,OH,44123,30,14,13,3500,Q,INACTIVE,PERM LOCK,0,BPMC,NAP,202306,20.27,74.99,0,74.99,13,1,44835,0,0,0,0,0,0,0
119474,10/4/2022,0,3500.00,6/8/2021,CLEVELAND,OH,44108,15,14,18,2500,Z,UNLOCKED,UNLOCKED,1,BPMC,NAP,202210,16.34,65.35,300.13,365.48,181.31,1,44835,0,0,0,0,0,0,0
120852,8/8/2022,0,5000.00,7/2/2021,STATESBORO,GA,30461,15,14,10,6000,Z,UNLOCKED,UNLOCKED,0,BPMC,NAP,202210,862.95,4125.84,651.92,4777.76,6723.03,4,44835,0,2142.27,0,0,0,0,0
121889,7/2/2022,0,26500.00,7/21/2021,MCDONOUGH,GA,30252,15,13,7,26500,I,BAD AGENCY,PERM LOCK,0,FMMC,NAL MC,202210,0,0,24191.36,24191.36,1883.04,1,44835,0,857.51,0,0,0,0,0
116689,8/8/2022,0,4000.00,4/1/2021,SNELLVILLE,GA,30039,30,14,7,4000,I,BAD AGENCY,PERM LOCK,1,BPMC,NAP,202211,47.926,150.81,2926.45,3077.26,3837.29,1,44835,0,0,0,0,0,0,0
117497,7/2/2022,0,7500.00,4/21/2021,OCALA,FL,34481,30,15,3,15000,A,Other,PERM LOCK,1,FMMC,NAL MC,202210,0,0,1632.54,1632.54,1290,1,44835,0,0,0,0,0,0,0
117625,11/25/2022,0,3500.00,4/23/2021,INDIANAPOLIS,IN,46239,7,5,5,3500,G,OVERDUE,PERM LOCK,1,BPMC,NAP,202211,0,0,22.02,22.02,21.92,1,44835,0,0,0,0,0,0,0
119137,9/12/2022,0,3500.00,5/28/2021,JONESBORO,GA,30238,30,14,18,3500,I,BAD AGENCY,PERM LOCK,1,BPMC,NAP,202210,18.714,58.3,3244.94,3303.24,2500,3,44835,0,0,0,0,0,0,0
119856,11/15/2022,0,3500.00,6/15/2021,MINNEAPOLIS,MN,55411,30,14,18,3500,Z,UNLOCKED,UNLOCKED,1,BPMC,NAP,202210,42.32,165.04,0,165.04,240.96,3,44835,0,80.63,0,0,0,0,0
121551,8/26/2022,0,15000.00,7/15/2021,WEST PALM BEACH,FL,33411,7,7,3,15000,I,BAD AGENCY,PERM LOCK,0,FMMC,NAL MC,202210,2301.916,11339.08,5567.33,16906.41,18788.18,5,44986,0,0,0,0,0,0,0
124545,2/6/2023,0,4200.00,8/28/2021,PALM SPRINGS,CA,92264,30,14,7,4200,Z,UNLOCKED,UNLOCKED,1,ARMC,NAP,202210,336.82,1979.26,0,1979.26,1683.18,1,44835,0,704.06,0,0,0,0,0
126979,11/26/2022,0,5500.00,10/2/2021,DUBUQUE,IA,52001,30,14,7,2700,Z,UNLOCKED,UNLOCKED,1,BPMC,NAP,202210,220.83,830.51,0,830.51,1307.91,1,44835,0,5117.18,0,0,0,0,0
309864,1/20/2022,0,4000.00,5/23/2019,TUPELO,MS,38802,15,15,5,3200,Z,UNLOCKED,UNLOCKED,1,FMMC,NAL MC,202210,43.577,143.77,683.74,827.51,1031.75,1,44835,0,760.18,0,0,0,0,0
309957,2/19/2019,0,,4/3/2015,COPAN,OK,74022,7,1,3,19000,Z,UNLOCKED,UNLOCKED,0,FMMC,NAL MC,202210,229.076,984.9,24845.3,25830.2,24919.37,4,44835,0,760.18,0,0,0,0,0
310018,6/4/2019,0,,9/18/2015,PENSACOLA,FL,32526,7,1,3,3500,Z,UNLOCKED,UNLOCKED,0,FMMC,NAL MC,202210,126.056,593.72,249.73,843.45,724.46,3,44835,0,760.18,0,0,0,0,0
114536,3/10/2022,0,8500.00,1/29/2021,PLANO,TX,75093,30,14,7,5700,I,BAD AGENCY,PERM LOCK,1,BPMC,NAP,202210,117.258,445.98,10892.2,11338.18,11667.44,3,44835,0,359.88,0,0,0,0,0
114871,3/22/2022,0,3500.00,2/9/2021,RIVEVIEW,FL,33578,30,14,10,200,Z,UNLOCKED,UNLOCKED,0,BPMC,NAP,202210,67.637,228.36,0,228.36,1066.73,1,44835,277.55,78.18,0,0,0,0,0
115426,8/16/2022,0,3500.00,2/25/2021,TAMPA,FL,33610,30,14,7,2800,Z,UNLOCKED,UNLOCKED,1,BPMC,NAP,202210,182.19,666.93,2046.21,2713.14,3836.49,4,44835,985.79,981.39,0,0,0,0,0
115474,6/2/2022,0,6500.00,2/26/2021,BLOOMFIELD,NJ,07003,30,14,10,13000,A,Other,PERM LOCK,0,BPMC,NAP,202210,19.89,86.71,0,86.71,382.02,2,44835,0,185.7,0,0,0,0,0
116558,7/10/2022,0,50000.00,3/26/2021,DES MOINES,IA,50315,30,14,10,50000,Z,UNLOCKED,UNLOCKED,0,CSMC,NAP,202210,1308.132,5572.69,290.67,5863.36,13306.1,2,44835,5385.41,2601.5,0,0,0,0,0
116599,5/20/2022,0,4000.00,3/27/2021,QUEENS VILLAGE,NY,11427,30,14,5,980,G,OVERDUE,PERM LOCK,1,BPMC,NAP,202210,91.61,389.37,100.12,489.49,1624.4,2,44835,481.24,70,0,0,0,0,0
114604,3/10/2022,0,5500.00,1/30/2021,KILLEEN,TX,76543,7,7,10,5000,Q,INACTIVE,PERM LOCK,0,FMMC,NAL MC,202210,884.97,4397.04,0,4397.04,3050,2,45231,0,359.88,0,0,0,0,0
115875,8/26/2022,0,3500.00,3/10/2021,CYPRESS,TX,77433,30,14,10,3500,I,BAD AGENCY,PERM LOCK,1,BPMC,NAP,202210,91.161,290.99,550.99,841.98,500,2,44835,0,0,0,0,0,0,0
116761,5/20/2022,0,3500.00,4/2/2021,ARLINGTON,TN,38002,7,7,5,1400,I,BAD AGENCY,PERM LOCK,0,BPMC,NAP,202211,0,0,9.73,9.73,450,3,44986,0,0,0,0,0,0,0
117239,9/28/2022,0,4000.00,4/14/2021,ANDERSON,SC,29625,30,14,7,1600,Z,UNLOCKED,UNLOCKED,1,BPMC,NAP,202210,0,0,821.63,821.63,1036.22,1,44835,0,0,0,0,0,0,0
136054,9/12/2022,0,7500.00,2/20/2022,BLYTHEWOOD,SC,29016,30,14,7,7500,I,BAD AGENCY,PERM LOCK,1,BPMC,NAP,202210,107.833,358.42,1451.42,1809.84,1129,2,44835,0,0,0,0,0,0,0
139710,11/20/2022,0,4000.00,4/7/2022,ORLANDO,FL,32859,30,14,10,4000,Z,UNLOCKED,UNLOCKED,0,BPMC,NAP,202210,43.52,142.44,0,142.44,252.48,1,44835,0,0,31,11.38,1669.59,0,0
268378,9/14/2022,0,13000.00,3/23/2019,CHICAGO,IL,60638,7,7,10,10300,Z,UNLOCKED,UNLOCKED,0,FMMC,NAL MC,202210,536.14,2658.75,25.99,2684.74,2229.96,6,44835,3944.56,0,0,0,0,0,0
269720,3/22/2021,0,4000.00,12/10/2019,INDIANAPOLIS,IN,46240,7,7,3,4000,I,BAD AGENCY,PERM LOCK,1,BPMC,NAP,202210,145.888,611.62,2763.72,3375.34,3689.9,3,44835,3944.56,0,0,0,0,0,0
270314,1/27/2022,0,11000.00,12/19/2019,AURORA,CO,80016,30,15,3,1800,P,PAYMENT PLAN,PERM LOCK,0,FMMC,NAL MC,202210,29.71,100.01,1982.74,2082.75,1719.61,1,44835,3944.56,0,0,0,0,0,0
115900,5/14/2022,0,7500.00,3/10/2021,LA VERNE,CA,91750,30,15,5,900,Z,UNLOCKED,UNLOCKED,1,FMMC,NAL MC,202210,158.532,960.7,99.99,1060.69,911.07,1,44835,0,0,0,0,0,0,0
118792,9/22/2022,0,5000.00,5/21/2021,DOUGLASVILLE,GA,30135,30,14,18,5000,Z,UNLOCKED,UNLOCKED,1,BPMC,NAP,202210,167.723,545.24,0,545.24,992.81,2,44835,578.12,325.79,0,0,0,0,0
125851,10/9/2021,0,6000.00,9/17/2021,ABERDEEN,MS,39730,30,15,3,3500,Z,UNLOCKED,UNLOCKED,0,FMMC,NAL MC,202210,4.83,14.27,3430.66,3444.93,3613.66,2,44835,0,0,0,0,0,0,0
127066,8/10/2022,0,3000.00,10/5/2021,LITHIA SPRINGS,GA,30122,30,21,3,2900,P,PAYMENT PLAN,PERM LOCK,1,SWMC,NAP,202210,0,0,1186.87,1186.87,2515.13,2,44835,0,0,12,2135.83,0,0,0
129383,7/3/2022,0,10000.00,11/6/2021,WEST BEND,WI,53090,7,7,3,10000,I,BAD AGENCY,PERM LOCK,0,FMMC,NAL MC,202210,215.68,986.19,0,986.19,1500,1,44835,0,5000,0,0,0,0,0
131340,7/24/2022,0,3500.00,12/9/2021,SPRING,TX,77373,30,14,10,2000,I,BAD AGENCY,PERM LOCK,0,BPMC,NAP,202210,0,0,1012.05,1012.05,830.61,1,44835,0,342.8,0,0,0,0,0
133252,2/28/2023,0,1200.00,1/13/2022,CRYSTAL LAKE,IL,60014,30,14,7,1000,I,BAD AGENCY,PERM LOCK,1,BPMC,NAP,202210,160.97,679.27,0,679.27,301.86,2,44835,0,2700.56,0,0,0,0,0
133750,10/11/2022,0,3000.00,1/22/2022,ATLANTA,GA,30318,30,14,18,4200,Z,UNLOCKED,UNLOCKED,1,BPMC,NAP,202210,21.42,75,544.2,619.2,600,2,44835,0,191.41,0,0,0,0,0
134322,9/20/2022,0,3000.00,1/29/2022,MILWAUKEE,WI,53218,30,14,7,500,Z,UNLOCKED,UNLOCKED,1,BPMC,NAP,202210,26.14,99.14,1546.18,1645.32,391.26,2,44835,0,191.41,0,0,0,0,0
135539,1/22/2023,0,5500.00,2/14/2022,MONASTERY,NS,B0H1W0,30,14,3,5500,S,S-LOCK,TEMP LOCK,1,HSMC,NAP,202210,764.607,5293.17,0,5293.17,7790.9,6,45170,0,2422.95,0,0,0,0,0
136364,7/25/2023,0,18000.00,2/25/2022,COMPTON,CA,90222,7,7,10,18000,I,BAD AGENCY,PERM LOCK,0,FMMC,NAL MC,202210,3198.595,19424.42,0,19424.42,15339.13,8,44835,6148.85,2317.62,0,0,0,0,0
137355,11/17/2022,0,3500.00,3/11/2022,DACULA,GA,30019,7,5,5,1000,A,Other,PERM LOCK,1,BPMC,NAP,202210,24.78,110,0,110,110,1,44835,0,0,0,0,0,0,0
137806,3/11/2023,0,16000.00,3/17/2022,CARDIFF,CA,92007,15,14,10,16000,S,S-LOCK,TEMP LOCK,0,ARMC,NAP,202210,1531.508,8912.64,0,8912.64,8759.82,2,44835,0,0,0,0,0,0,0
194931,4/29/2023,FUEL-ONLY PARENT ACCT,0.00,4/21/2021,STRATFORD,CT,06614,30,10,10,1630,M,FRAUD,PERM LOCK,0,Fuelman,Fuelman,202210,103.565,400.53,0,400.53,852.9,1,45231,0,0,222,0,0,0,4554.3
130289,1/13/2023,0,5500.00,11/22/2021,KATY,TX,77494,30,14,5,1500,I,BAD AGENCY,PERM LOCK,1,BPMC,NAP,202211,20.48,71.07,281,352.07,66.2,1,44835,0,342.8,0,0,0,0,0
139477,12/21/2022,0,3740.00,4/6/2022,MISSISSAUGA,ON,L4T3Z4,30,14,7,3740,Z,UNLOCKED,UNLOCKED,1,HSMC,NAP,202210,181.19,1101.21,0,1101.21,3982.03,3,44835,0,0,31,11.38,1669.59,0,0
140011,5/24/2022,0,500.00,4/13/2022,INDEPENDENCE,MO,64056,30,7,5,500,I,BAD AGENCY,PERM LOCK,0,FMMC,NAL MC,202210,56.702,226.17,76.7,302.87,757.65,2,44835,0,0,31,11.38,1669.59,0,0
,,,,,,,,,,,,,,,,,,,,,,,,,,,,,,1669.59,0,0
,,,,,,,,,,,,,,,,,,,,,,,,,,,,,,1669.59,0,0
,,,,,,,,,,,,,,,,,,,,,,,,,,,,,,0,0,0
,,,,,,,,,,,,,,,,,,,,,,,,,,,,,,0,0,0
,,,,,,,,,,,,,,,,,,,,,,,,,,,,,,0,0,0
,,,,,,,,,,,,,,,,,,,,,,,,,,,,,,0,0,0
,,,,,,,,,,,,,,,,,,,,,,,,,,,,,,0,0,0
,,,,,,,,,,,,,,,,,,,,,,,,,,,,,,0,0,0
,,,,,,,,,,,,,,,,,,,,,,,,,,,,,,0,0,0
,,,,,,,,,,,,,,,,,,,,,,,,,,,,,,0,0,0
,,,,,,,,,,,,,,,,,,,,,,,,,,,,,,0,0,0
,,,,,,,,,,,,,,,,,,,,,,,,,,,,,,0,0,0
,,,,,,,,,,,,,,,,,,,,,,,,,,,,,,0,0,0
,,,,,,,,,,,,,,,,,,,,,,,,,,,,,,0,0,0
,,,,,,,,,,,,,,,,,,,,,,,,,,,,,,0,0,0
,,,,,,,,,,,,,,,,,,,,,,,,,,,,,,0,0,0
,,,,,,,,,,,,,,,,,,,,,,,,,,,,,,0,0,0
,,,,,,,,,,,,,,,,,,,,,,,,,,,,,,0,185,0
,,,,,,,,,,,,,,,,,,,,,,,,,,,,,,0,0,0
,,,,,,,,,,,,,,,,,,,,,,,,,,,,,,0,0,0
,,,,,,,,,,,,,,,,,,,,,,,,,,,,,,0,0,0
,,,,,,,,,,,,,,,,,,,,,,,,,,,,,,0,0,0
,,,,,,,,,,,,,,,,,,,,,,,,,,,,,,0,0,0
,,,,,,,,,,,,,,,,,,,,,,,,,,,,,,0,0,0
,,,,,,,,,,,,,,,,,,,,,,,,,,,,,,1669.59,0,0
,,,,,,,,,,,,,,,,,,,,,,,,,,,,,,1669.59,0,0
,,,,,,,,,,,,,,,,,,,,,,,,,,,,,,0,0,0
,,,,,,,,,,,,,,,,,,,,,,,,,,,,,,0,0,0
,,,,,,,,,,,,,,,,,,,,,,,,,,,,,,0,0,0
,,,,,,,,,,,,,,,,,,,,,,,,,,,,,,0,0,0
,,,,,,,,,,,,,,,,,,,,,,,,,,,,,,40,0,0
,,,,,,,,,,,,,,,,,,,,,,,,,,,,,,0,0,0
,,,,,,,,,,,,,,,,,,,,,,,,,,,,,,0,0,4554.3
,,,,,,,,,,,,,,,,,,,,,,,,,,,,,,0,0,0
,,,,,,,,,,,,,,,,,,,,,,,,,,,,,,0,0,0
,,,,,,,,,,,,,,,,,,,,,,,,,,,,,,0,0,0
,,,,,,,,,,,,,,,,,,,,,,,,,,,,,,3569.44,0,0
,,,,,,,,,,,,,,,,,,,,,,,,,,,,,,0,0,0
,,,,,,,,,,,,,,,,,,,,,,,,,,,,,,0,0,0
,,,,,,,,,,,,,,,,,,,,,,,,,,,,,,0,0,0
,,,,,,,,,,,,,,,,,,,,,,,,,,,,,,1669.59,0,0
,,,,,,,,,,,,,,,,,,,,,,,,,,,,,,0,0,4554.3
,,,,,,,,,,,,,,,,,,,,,,,,,,,,,,0,0,0
,,,,,,,,,,,,,,,,,,,,,,,,,,,,,,0,0,0
,,,,,,,,,,,,,,,,,,,,,,,,,,,,,,0,0,0
,,,,,,,,,,,,,,,,,,,,,,,,,,,,,,0,0,0
,,,,,,,,,,,,,,,,,,,,,,,,,,,,,,0,0,0
,,,,,,,,,,,,,,,,,,,,,,,,,,,,,,0,0,0
,,,,,,,,,,,,,,,,,,,,,,,,,,,,,,0,0,0
,,,,,,,,,,,,,,,,,,,,,,,,,,,,,,0,0,0
,,,,,,,,,,,,,,,,,,,,,,,,,,,,,,0,0,0
,,,,,,,,,,,,,,,,,,,,,,,,,,,,,,0,0,0
,,,,,,,,,,,,,,,,,,,,,,,,,,,,,,0,0,0
,,,,,,,,,,,,,,,,,,,,,,,,,,,,,,0,0,0
,,,,,,,,,,,,,,,,,,,,,,,,,,,,,,0,0,0
,,,,,,,,,,,,,,,,,,,,,,,,,,,,,,0,0,0
,,,,,,,,,,,,,,,,,,,,,,,,,,,,,,0,0,0
,,,,,,,,,,,,,,,,,,,,,,,,,,,,,,0,0,0
,,,,,,,,,,,,,,,,,,,,,,,,,,,,,,0,0,0
,,,,,,,,,,,,,,,,,,,,,,,,,,,,,,0,0,0
,,,,,,,,,,,,,,,,,,,,,,,,,,,,,,0,0,0
,,,,,,,,,,,,,,,,,,,,,,,,,,,,,,0,0,0
,,,,,,,,,,,,,,,,,,,,,,,,,,,,,,0,0,0
,,,,,,,,,,,,,,,,,,,,,,,,,,,,,,0,0,0
,,,,,,,,,,,,,,,,,,,,,,,,,,,,,,0,0,0
,,,,,,,,,,,,,,,,,,,,,,,,,,,,,,0,0,0
,,,,,,,,,,,,,,,,,,,,,,,,,,,,,,0,0,4554.3
,,,,,,,,,,,,,,,,,,,,,,,,,,,,,,0,0,4554.3
,,,,,,,,,,,,,,,,,,,,,,,,,,,,,,0,0,4554.3
,,,,,,,,,,,,,,,,,,,,,,,,,,,,,,0,0,4554.3
,,,,,,,,,,,,,,,,,,,,,,,,,,,,,,0,0,4554.3
,,,,,,,,,,,,,,,,,,,,,,,,,,,,,,0,0,0
,,,,,,,,,,,,,,,,,,,,,,,,,,,,,,0,0,0
,,,,,,,,,,,,,,,,,,,,,,,,,,,,,,0,0,0
,,,,,,,,,,,,,,,,,,,,,,,,,,,,,,0,0,0
,,,,,,,,,,,,,,,,,,,,,,,,,,,,,,0,0,0
,,,,,,,,,,,,,,,,,,,,,,,,,,,,,,0,0,0
,,,,,,,,,,,,,,,,,,,,,,,,,,,,,,0,0,0
,,,,,,,,,,,,,,,,,,,,,,,,,,,,,,0,0,0
